2026-01-19T05:21:44.876Z [32minfo[39m: GET /
2026-01-19T05:21:50.462Z [32minfo[39m: GET /about
2026-01-19T05:45:32.054Z [33mwarn[39m: GET /
2026-01-19T05:45:38.550Z [33mwarn[39m: GET /about/error
2026-01-19T05:45:38.550Z [31merror[39m: eror
2026-01-26T04:12:14.145Z [33mwarn[39m: POST /api/products/add
2026-01-26T04:36:01.901Z [33mwarn[39m: GET /
2026-01-26T04:36:02.130Z [33mwarn[39m: GET /favicon.ico
2026-01-26T04:36:12.406Z [33mwarn[39m: GET /api/products
2026-01-26T04:43:58.914Z [33mwarn[39m: POST /api/prooduct
2026-01-26T04:44:08.681Z [33mwarn[39m: POST /api/prooducts/add
2026-01-26T04:44:10.416Z [33mwarn[39m: POST /api/prooducts/add
2026-01-26T04:44:31.216Z [33mwarn[39m: GET /api/products
2026-01-26T04:44:31.766Z [33mwarn[39m: GET /api/products
2026-01-26T04:55:44.727Z [33mwarn[39m: GET /api/product/add
2026-01-26T04:56:00.950Z [33mwarn[39m: GET /api/product/
2026-01-26T04:56:28.574Z [33mwarn[39m: PUT /api/product/
2026-01-26T04:56:43.982Z [33mwarn[39m: GET /api/product/add
2026-01-26T04:56:46.262Z [33mwarn[39m: GET /api/product/add
2026-01-26T04:56:47.254Z [33mwarn[39m: GET /api/product/add
2026-01-26T04:56:47.613Z [33mwarn[39m: GET /api/product/add
2026-01-26T05:00:39.248Z [33mwarn[39m: POST /api/product/add
2026-01-26T05:15:52.841Z [33mwarn[39m: GET /api/product/add
2026-01-26T05:16:05.366Z [33mwarn[39m: GET /api/product/add
2026-01-26T05:20:05.022Z [33mwarn[39m: POST /api/products/add
2026-01-26T05:20:09.951Z [33mwarn[39m: POST /api/products/add
2026-01-26T05:20:12.278Z [33mwarn[39m: GET /api/products
2026-01-26T05:20:21.781Z [33mwarn[39m: POST /api/products
2026-01-26T05:20:25.805Z [33mwarn[39m: GET /api/products
2026-01-26T05:25:01.651Z [33mwarn[39m: GET /
2026-01-26T05:39:55.799Z [33mwarn[39m: POST /api/product/add
2026-01-26T05:39:58.164Z [33mwarn[39m: POST /api/product/add
2026-01-26T05:41:00.202Z [33mwarn[39m: POST /api/product/add
2026-01-26T05:41:21.989Z [33mwarn[39m: POST /api/product
2026-01-26T05:41:56.033Z [33mwarn[39m: POST /api/products
2026-01-26T05:42:09.870Z [33mwarn[39m: POST /api/products
2026-01-26T05:42:24.310Z [33mwarn[39m: POST /api/products
2026-01-26T05:43:43.366Z [33mwarn[39m: POST /api/products
2026-01-26T05:44:06.753Z [33mwarn[39m: POST /api/products
2026-01-26T05:44:19.525Z [33mwarn[39m: GET /api/products?find=
2026-01-26T05:44:29.332Z [33mwarn[39m: GET /api/products?find=okie
2026-01-26T05:45:29.444Z [33mwarn[39m: GET /api/products?find=
2026-01-26T05:45:42.501Z [33mwarn[39m: GET /api/products?find=ooo
2026-01-26T05:45:55.049Z [33mwarn[39m: GET /api/products?find=okie
2026-02-02T03:00:45.946Z [33mwarn[39m: GET /
2026-02-02T03:00:46.452Z [33mwarn[39m: GET /favicon.ico
2026-02-02T04:10:46.793Z [33mwarn[39m: POST /api/products
2026-02-02T04:10:46.806Z [33mwarn[39m: PUT /api/products/c3fe7eb8076e4de58d8d87c5
2026-02-02T05:30:14.206Z [33mwarn[39m: POST /api/products
2026-02-02T05:30:14.220Z [33mwarn[39m: POST /api/products
2026-02-02T05:30:14.224Z [33mwarn[39m: POST /api/products
2026-02-02T05:30:14.229Z [33mwarn[39m: POST /api/products
2026-02-02T05:30:14.232Z [33mwarn[39m: POST /api/products
2026-02-02T05:30:14.237Z [33mwarn[39m: PUT /api/products/6980366662be73a064d7efe4
2026-02-02T05:30:14.245Z [33mwarn[39m: PUT /api/products/c3fe7eb8076e4de58d8d87c5
2026-02-02T05:38:00.645Z [33mwarn[39m: POST /api/products
2026-02-02T05:38:00.659Z [33mwarn[39m: POST /api/products
2026-02-02T05:38:00.663Z [33mwarn[39m: POST /api/products
2026-02-02T05:38:00.668Z [33mwarn[39m: POST /api/products
2026-02-02T05:38:00.671Z [33mwarn[39m: POST /api/products
2026-02-02T05:38:00.674Z [33mwarn[39m: PUT /api/products/69803838738b850405174b05
2026-02-02T05:38:00.683Z [33mwarn[39m: PUT /api/products/c3fe7eb8076e4de58d8d87c5
2026-02-02T05:38:00.686Z [33mwarn[39m: POST /api/products
2026-02-02T05:38:00.689Z [33mwarn[39m: DELETE /api/products/69803838738b850405174b0b
2026-02-02T05:38:15.517Z [33mwarn[39m: POST /api/products
2026-02-02T05:38:15.535Z [33mwarn[39m: POST /api/products
2026-02-02T05:38:15.539Z [33mwarn[39m: POST /api/products
2026-02-02T05:38:15.543Z [33mwarn[39m: POST /api/products
2026-02-02T05:38:15.546Z [33mwarn[39m: POST /api/products
2026-02-02T05:38:15.549Z [33mwarn[39m: PUT /api/products/698038471e8e1fc8b95a120c
2026-02-02T05:38:15.557Z [33mwarn[39m: PUT /api/products/c3fe7eb8076e4de58d8d87c5
2026-02-02T05:38:15.561Z [33mwarn[39m: POST /api/products
2026-02-02T05:38:15.563Z [33mwarn[39m: DELETE /api/products/698038471e8e1fc8b95a1212
2026-02-02T05:39:32.083Z [33mwarn[39m: POST /api/products
2026-02-02T05:39:32.096Z [33mwarn[39m: POST /api/products
2026-02-02T05:39:32.100Z [33mwarn[39m: POST /api/products
2026-02-02T05:39:32.105Z [33mwarn[39m: POST /api/products
2026-02-02T05:39:32.108Z [33mwarn[39m: POST /api/products
2026-02-02T05:39:32.111Z [33mwarn[39m: PUT /api/products/6980389425531318cef02ae3
2026-02-02T05:39:32.121Z [33mwarn[39m: PUT /api/products/c3fe7eb8076e4de58d8d87c5
2026-02-02T05:39:32.124Z [33mwarn[39m: POST /api/products
2026-02-02T05:39:32.127Z [33mwarn[39m: DELETE /api/products/6980389425531318cef02ae9
2026-02-09T04:32:16.844Z [33mwarn[39m: POST /api/products
2026-02-09T04:32:16.859Z [33mwarn[39m: POST /api/products
2026-02-09T04:32:16.862Z [33mwarn[39m: POST /api/products
2026-02-09T04:32:16.867Z [33mwarn[39m: POST /api/products
2026-02-09T04:32:16.870Z [33mwarn[39m: POST /api/products
2026-02-09T04:32:16.874Z [33mwarn[39m: PUT /api/products/698963509b68a585b7ae5913
2026-02-09T04:32:16.882Z [33mwarn[39m: PUT /api/products/c3fe7eb8076e4de58d8d87c5
2026-02-09T04:32:16.885Z [33mwarn[39m: POST /api/products
2026-02-09T04:32:16.888Z [33mwarn[39m: DELETE /api/products/698963509b68a585b7ae591b
2026-02-09T04:39:36.660Z [33mwarn[39m: POST /api/products
2026-02-09T04:39:36.675Z [33mwarn[39m: POST /api/products
2026-02-09T04:39:36.678Z [33mwarn[39m: POST /api/products
2026-02-09T04:39:36.683Z [33mwarn[39m: POST /api/products
2026-02-09T04:39:36.686Z [33mwarn[39m: POST /api/products
2026-02-09T04:39:36.689Z [33mwarn[39m: PUT /api/products/6989650862113abec9e36227
2026-02-09T04:39:36.698Z [33mwarn[39m: PUT /api/products/c3fe7eb8076e4de58d8d87c5
2026-02-09T04:39:36.701Z [33mwarn[39m: POST /api/products
2026-02-09T04:39:36.704Z [33mwarn[39m: DELETE /api/products/6989650862113abec9e3622f
2026-02-09T04:53:09.959Z [33mwarn[39m: POST /api/users
2026-02-09T04:53:09.975Z [33mwarn[39m: POST /api/users
2026-02-09T04:53:09.978Z [33mwarn[39m: POST /api/users
2026-02-09T04:53:09.983Z [33mwarn[39m: GET /api/users
2026-02-09T04:53:09.990Z [33mwarn[39m: POST /api/users
2026-02-09T04:53:09.993Z [33mwarn[39m: PUT /api/users
2026-02-09T04:53:09.997Z [33mwarn[39m: POST /api/users
2026-02-09T04:53:10.000Z [33mwarn[39m: DELETE /api/users
2026-02-09T04:53:10.685Z [33mwarn[39m: POST /api/products
2026-02-09T04:53:10.697Z [33mwarn[39m: POST /api/products
2026-02-09T04:53:10.701Z [33mwarn[39m: POST /api/products
2026-02-09T04:53:10.705Z [33mwarn[39m: POST /api/products
2026-02-09T04:53:10.708Z [33mwarn[39m: POST /api/products
2026-02-09T04:53:10.711Z [33mwarn[39m: PUT /api/products/69896836af13f9f017bec7d7
2026-02-09T04:53:10.720Z [33mwarn[39m: PUT /api/products/c3fe7eb8076e4de58d8d87c5
2026-02-09T04:53:10.723Z [33mwarn[39m: POST /api/products
2026-02-09T04:53:10.726Z [33mwarn[39m: DELETE /api/products/69896836af13f9f017bec7df
2026-02-09T05:50:45.094Z [33mwarn[39m: POST /api/post
2026-02-09T05:51:51.927Z [33mwarn[39m: GET /api/posts
2026-02-09T05:52:03.720Z [33mwarn[39m: GET /api/user
2026-02-09T05:53:38.322Z [33mwarn[39m: GET /api/user
2026-02-09T05:53:44.407Z [33mwarn[39m: GET /api/users
2026-02-09T05:53:44.595Z [33mwarn[39m: GET /favicon.ico
2026-02-09T05:55:02.705Z [33mwarn[39m: POST /api/users
2026-02-09T05:55:29.445Z [31merror[39m: Unexpected token '|', ..."user_id": |"698976b6"... is not valid JSON
2026-02-09T05:55:30.219Z [31merror[39m: Unexpected token '|', ..."user_id": |"698976b6"... is not valid JSON
2026-02-09T05:55:43.309Z [31merror[39m: Unexpected token '|', ..."user_id": |"698976b6"... is not valid JSON
2026-02-09T05:55:53.028Z [33mwarn[39m: POST /api/users
2026-02-09T05:55:55.835Z [33mwarn[39m: GET /api/users
2026-02-09T05:57:12.389Z [33mwarn[39m: GET /api/post
2026-02-09T05:57:16.154Z [33mwarn[39m: POST /api/post
2026-02-09T05:57:37.060Z [33mwarn[39m: GET /api/post
2026-02-09T05:57:38.946Z [33mwarn[39m: GET /api/post
2026-02-09T05:57:39.882Z [33mwarn[39m: GET /api/post
2026-02-09T05:57:40.251Z [33mwarn[39m: GET /api/post
2026-02-09T05:57:40.674Z [33mwarn[39m: GET /api/post
2026-02-09T05:57:40.858Z [33mwarn[39m: GET /api/post
2026-02-09T05:57:41.106Z [33mwarn[39m: GET /api/post
2026-02-09T05:57:41.466Z [33mwarn[39m: GET /api/post
2026-02-09T05:57:41.690Z [33mwarn[39m: GET /api/post
2026-02-09T05:57:41.865Z [33mwarn[39m: GET /api/post
2026-02-09T05:57:42.074Z [33mwarn[39m: GET /api/post
2026-02-09T05:57:42.274Z [33mwarn[39m: GET /api/post
2026-02-09T05:57:42.467Z [33mwarn[39m: GET /api/post
2026-02-09T05:57:42.658Z [33mwarn[39m: GET /api/post
2026-02-09T05:58:00.577Z [33mwarn[39m: GET /api/post
2026-02-09T05:58:06.320Z [33mwarn[39m: GET /api/posts
2026-02-09T05:58:10.664Z [33mwarn[39m: GET /api/post
2026-02-09T05:58:20.273Z [33mwarn[39m: GET /api/post
2026-02-09T05:58:23.896Z [33mwarn[39m: GET /api/users
2026-02-09T05:58:28.361Z [33mwarn[39m: GET /api/post
2026-02-09T05:59:02.794Z [33mwarn[39m: GET /
2026-02-09T05:59:06.744Z [33mwarn[39m: GET /
2026-02-09T05:59:10.455Z [33mwarn[39m: GET /api/post
2026-02-09T05:59:29.667Z [33mwarn[39m: GET /api/post
2026-02-09T05:59:30.243Z [33mwarn[39m: GET /api/post
2026-02-09T05:59:30.394Z [33mwarn[39m: GET /api/post
2026-02-09T05:59:42.831Z [33mwarn[39m: GET /
2026-02-09T05:59:48.984Z [33mwarn[39m: GET /api/users
2026-02-09T05:59:51.949Z [33mwarn[39m: GET /api/post
2026-02-09T06:00:45.958Z [33mwarn[39m: GET /api/post
2026-02-18T07:31:23.414Z [33mwarn[39m: GET /api/order
2026-02-18T07:31:26.154Z [33mwarn[39m: GET /api/order
2026-02-18T07:39:54.852Z [33mwarn[39m: GET /
2026-02-18T07:39:55.100Z [33mwarn[39m: GET /favicon.ico
2026-02-18T07:40:13.545Z [33mwarn[39m: GET /api/order
2026-02-18T07:40:18.014Z [33mwarn[39m: GET /api/orders
2026-02-18T07:40:20.787Z [33mwarn[39m: GET /api/orders
2026-02-18T07:40:21.362Z [33mwarn[39m: GET /api/orders
2026-02-18T07:40:21.578Z [33mwarn[39m: GET /api/orders
2026-02-18T07:40:21.810Z [33mwarn[39m: GET /api/orders
2026-02-18T07:40:22.331Z [33mwarn[39m: GET /api/orders
2026-02-18T07:41:26.967Z [33mwarn[39m: GET /api/order
2026-02-18T07:41:54.843Z [33mwarn[39m: GET /api/order
2026-02-18T07:41:55.747Z [33mwarn[39m: GET /api/order
2026-02-18T07:41:57.468Z [33mwarn[39m: GET /api/order
2026-02-18T07:42:00.560Z [33mwarn[39m: GET /api/orders
2026-02-18T07:42:34.067Z [33mwarn[39m: GET /api/users
2026-02-18T07:42:57.528Z [33mwarn[39m: GET /api/products
2026-02-18T07:45:46.864Z [33mwarn[39m: POST /api/orders
2026-02-18T07:45:53.816Z [33mwarn[39m: GET /api/orders
2026-02-18T07:47:04.577Z [33mwarn[39m: PUT /api/orders/69956e2a979f802d037633b4
2026-02-18T07:47:33.637Z [33mwarn[39m: PUT /api/orders/69956e2a979f802d037633b4
2026-02-18T07:47:36.309Z [33mwarn[39m: GET /api/orders
2026-02-23T03:45:57.913Z [33mwarn[39m: POST /api/products
2026-02-23T03:45:57.931Z [33mwarn[39m: POST /api/products
2026-02-23T03:45:57.935Z [33mwarn[39m: POST /api/products
2026-02-23T03:45:57.940Z [33mwarn[39m: POST /api/products
2026-02-23T03:45:57.943Z [33mwarn[39m: POST /api/products
2026-02-23T03:45:57.947Z [33mwarn[39m: PUT /api/products/699bcd7553522965129fe90a
2026-02-23T03:45:57.955Z [33mwarn[39m: PUT /api/products/c3fe7eb8076e4de58d8d87c5
2026-02-23T03:45:57.959Z [33mwarn[39m: POST /api/products
2026-02-23T03:45:57.962Z [33mwarn[39m: DELETE /api/products/699bcd7553522965129fe916
2026-02-23T03:45:58.609Z [33mwarn[39m: POST /api/users
2026-02-23T03:45:58.626Z [33mwarn[39m: POST /api/users
2026-02-23T03:45:58.630Z [33mwarn[39m: POST /api/users
2026-02-23T03:45:58.635Z [33mwarn[39m: GET /api/users
2026-02-23T03:45:58.642Z [33mwarn[39m: POST /api/users
2026-02-23T03:45:58.645Z [33mwarn[39m: PUT /api/users
2026-02-23T03:45:58.649Z [33mwarn[39m: POST /api/users
2026-02-23T03:45:58.652Z [33mwarn[39m: DELETE /api/users
2026-02-23T03:46:05.380Z [33mwarn[39m: POST /api/users
2026-02-23T03:46:05.397Z [33mwarn[39m: POST /api/users
2026-02-23T03:46:05.401Z [33mwarn[39m: POST /api/users
2026-02-23T03:46:05.406Z [33mwarn[39m: GET /api/users
2026-02-23T03:46:05.413Z [33mwarn[39m: POST /api/users
2026-02-23T03:46:05.416Z [33mwarn[39m: PUT /api/users
2026-02-23T03:46:05.420Z [33mwarn[39m: POST /api/users
2026-02-23T03:46:05.422Z [33mwarn[39m: DELETE /api/users
2026-02-23T03:46:05.993Z [33mwarn[39m: POST /api/products
2026-02-23T03:46:06.007Z [33mwarn[39m: POST /api/products
2026-02-23T03:46:06.010Z [33mwarn[39m: POST /api/products
2026-02-23T03:46:06.015Z [33mwarn[39m: POST /api/products
2026-02-23T03:46:06.019Z [33mwarn[39m: POST /api/products
2026-02-23T03:46:06.022Z [33mwarn[39m: PUT /api/products/699bcd7e1c602a0cda766901
2026-02-23T03:46:06.030Z [33mwarn[39m: PUT /api/products/c3fe7eb8076e4de58d8d87c5
2026-02-23T03:46:06.034Z [33mwarn[39m: POST /api/products
2026-02-23T03:46:06.037Z [33mwarn[39m: DELETE /api/products/699bcd7e1c602a0cda76690d
2026-02-23T03:46:11.664Z [33mwarn[39m: POST /api/users
2026-02-23T03:46:11.680Z [33mwarn[39m: POST /api/users
2026-02-23T03:46:11.683Z [33mwarn[39m: POST /api/users
2026-02-23T03:46:11.689Z [33mwarn[39m: GET /api/users
2026-02-23T03:46:11.695Z [33mwarn[39m: POST /api/users
2026-02-23T03:46:11.698Z [33mwarn[39m: PUT /api/users
2026-02-23T03:46:11.702Z [33mwarn[39m: POST /api/users
2026-02-23T03:46:11.704Z [33mwarn[39m: DELETE /api/users
2026-02-23T03:46:12.286Z [33mwarn[39m: POST /api/products
2026-02-23T03:46:12.297Z [33mwarn[39m: POST /api/products
2026-02-23T03:46:12.300Z [33mwarn[39m: POST /api/products
2026-02-23T03:46:12.304Z [33mwarn[39m: POST /api/products
2026-02-23T03:46:12.308Z [33mwarn[39m: POST /api/products
2026-02-23T03:46:12.310Z [33mwarn[39m: PUT /api/products/699bcd84d6be6a62b78925bb
2026-02-23T03:46:12.318Z [33mwarn[39m: PUT /api/products/c3fe7eb8076e4de58d8d87c5
2026-02-23T03:46:12.322Z [33mwarn[39m: POST /api/products
2026-02-23T03:46:12.325Z [33mwarn[39m: DELETE /api/products/699bcd84d6be6a62b78925c7
2026-02-23T03:46:24.814Z [33mwarn[39m: POST /api/users
2026-02-23T03:46:24.830Z [33mwarn[39m: POST /api/users
2026-02-23T03:46:24.833Z [33mwarn[39m: POST /api/users
2026-02-23T03:46:24.839Z [33mwarn[39m: GET /api/users
2026-02-23T03:46:24.845Z [33mwarn[39m: POST /api/users
2026-02-23T03:46:24.848Z [33mwarn[39m: PUT /api/users
2026-02-23T03:46:24.853Z [33mwarn[39m: POST /api/users
2026-02-23T03:46:24.855Z [33mwarn[39m: DELETE /api/users
2026-02-23T03:46:25.509Z [33mwarn[39m: POST /api/products
2026-02-23T03:46:25.521Z [33mwarn[39m: POST /api/products
2026-02-23T03:46:25.524Z [33mwarn[39m: POST /api/products
2026-02-23T03:46:25.529Z [33mwarn[39m: POST /api/products
2026-02-23T03:46:25.532Z [33mwarn[39m: POST /api/products
2026-02-23T03:46:25.535Z [33mwarn[39m: PUT /api/products/699bcd912973d3c2b38702b0
2026-02-23T03:46:25.543Z [33mwarn[39m: PUT /api/products/c3fe7eb8076e4de58d8d87c5
2026-02-23T03:46:25.547Z [33mwarn[39m: POST /api/products
2026-02-23T03:46:25.550Z [33mwarn[39m: DELETE /api/products/699bcd912973d3c2b38702bc
2026-02-23T03:46:27.790Z [33mwarn[39m: POST /api/users
2026-02-23T03:46:27.806Z [33mwarn[39m: POST /api/users
2026-02-23T03:46:27.809Z [33mwarn[39m: POST /api/users
2026-02-23T03:46:27.815Z [33mwarn[39m: GET /api/users
2026-02-23T03:46:27.821Z [33mwarn[39m: POST /api/users
2026-02-23T03:46:27.824Z [33mwarn[39m: PUT /api/users
2026-02-23T03:46:27.828Z [33mwarn[39m: POST /api/users
2026-02-23T03:46:27.830Z [33mwarn[39m: DELETE /api/users
2026-02-23T03:46:28.427Z [33mwarn[39m: POST /api/products
2026-02-23T03:46:28.439Z [33mwarn[39m: POST /api/products
2026-02-23T03:46:28.441Z [33mwarn[39m: POST /api/products
2026-02-23T03:46:28.446Z [33mwarn[39m: POST /api/products
2026-02-23T03:46:28.449Z [33mwarn[39m: POST /api/products
2026-02-23T03:46:28.452Z [33mwarn[39m: PUT /api/products/699bcd948c474b2b4b00187f
2026-02-23T03:46:28.460Z [33mwarn[39m: PUT /api/products/c3fe7eb8076e4de58d8d87c5
2026-02-23T03:46:28.464Z [33mwarn[39m: POST /api/products
2026-02-23T03:46:28.467Z [33mwarn[39m: DELETE /api/products/699bcd948c474b2b4b00188b
2026-02-23T03:46:31.060Z [33mwarn[39m: POST /api/users
2026-02-23T03:46:31.076Z [33mwarn[39m: POST /api/users
2026-02-23T03:46:31.079Z [33mwarn[39m: POST /api/users
2026-02-23T03:46:31.084Z [33mwarn[39m: GET /api/users
2026-02-23T03:46:31.091Z [33mwarn[39m: POST /api/users
2026-02-23T03:46:31.094Z [33mwarn[39m: PUT /api/users
2026-02-23T03:46:31.097Z [33mwarn[39m: POST /api/users
2026-02-23T03:46:31.111Z [33mwarn[39m: DELETE /api/users
2026-02-23T03:46:38.939Z [33mwarn[39m: POST /api/users
2026-02-23T03:46:38.958Z [33mwarn[39m: POST /api/users
2026-02-23T03:46:38.962Z [33mwarn[39m: POST /api/users
2026-02-23T03:46:38.968Z [33mwarn[39m: GET /api/users
2026-02-23T03:46:38.975Z [33mwarn[39m: POST /api/users
2026-02-23T03:46:38.978Z [33mwarn[39m: PUT /api/users
2026-02-23T03:46:38.983Z [33mwarn[39m: POST /api/users
2026-02-23T03:46:38.986Z [33mwarn[39m: DELETE /api/users
2026-02-23T03:46:39.593Z [33mwarn[39m: POST /api/products
2026-02-23T03:46:39.605Z [33mwarn[39m: POST /api/products
2026-02-23T03:46:39.608Z [33mwarn[39m: POST /api/products
2026-02-23T03:46:39.613Z [33mwarn[39m: POST /api/products
2026-02-23T03:46:39.616Z [33mwarn[39m: POST /api/products
2026-02-23T03:46:39.619Z [33mwarn[39m: PUT /api/products/699bcd9f4941782dcba8acad
2026-02-23T03:46:39.628Z [33mwarn[39m: PUT /api/products/c3fe7eb8076e4de58d8d87c5
2026-02-23T03:46:39.633Z [33mwarn[39m: POST /api/products
2026-02-23T03:46:39.636Z [33mwarn[39m: DELETE /api/products/699bcd9f4941782dcba8acb9
2026-02-23T03:46:45.671Z [33mwarn[39m: POST /api/users
2026-02-23T03:46:45.684Z [33mwarn[39m: POST /api/users
2026-02-23T03:46:46.294Z [33mwarn[39m: POST /api/products
2026-02-23T03:46:46.304Z [33mwarn[39m: POST /api/products
2026-02-23T03:50:15.098Z [33mwarn[39m: POST /api/users
2026-02-23T03:50:15.118Z [33mwarn[39m: POST /api/users
2026-02-23T03:50:15.122Z [33mwarn[39m: POST /api/users
2026-02-23T03:50:15.127Z [33mwarn[39m: GET /api/users
2026-02-23T03:50:15.135Z [33mwarn[39m: POST /api/users
2026-02-23T03:50:15.138Z [33mwarn[39m: PUT /api/users
2026-02-23T03:50:15.143Z [33mwarn[39m: POST /api/users
2026-02-23T03:50:15.146Z [33mwarn[39m: DELETE /api/users
2026-02-23T03:50:15.764Z [33mwarn[39m: POST /api/products
2026-02-23T03:50:15.781Z [33mwarn[39m: POST /api/products
2026-02-23T03:50:15.784Z [33mwarn[39m: POST /api/products
2026-02-23T03:50:15.791Z [33mwarn[39m: POST /api/products
2026-02-23T03:50:15.795Z [33mwarn[39m: POST /api/products
2026-02-23T03:50:15.799Z [33mwarn[39m: PUT /api/products/699bce7732b7f84708cf3f6d
2026-02-23T03:50:15.809Z [33mwarn[39m: PUT /api/products/c3fe7eb8076e4de58d8d87c5
2026-02-23T03:50:15.814Z [33mwarn[39m: POST /api/products
2026-02-23T03:50:15.817Z [33mwarn[39m: DELETE /api/products/699bce7732b7f84708cf3f79
2026-02-23T04:11:48.940Z [33mwarn[39m: POST /api/users
2026-02-23T04:11:48.956Z [33mwarn[39m: POST /api/users
2026-02-23T04:11:48.960Z [33mwarn[39m: POST /api/users
2026-02-23T04:11:48.965Z [33mwarn[39m: GET /api/users
2026-02-23T04:11:48.973Z [33mwarn[39m: POST /api/users
2026-02-23T04:11:48.976Z [33mwarn[39m: PUT /api/users
2026-02-23T04:11:48.980Z [33mwarn[39m: POST /api/users
2026-02-23T04:11:48.983Z [33mwarn[39m: DELETE /api/users
2026-02-23T04:11:49.727Z [33mwarn[39m: GET /api/products/699bd38508188bd8d1849d93
2026-02-23T04:11:49.750Z [33mwarn[39m: GET /api/products
2026-02-23T04:11:49.767Z [33mwarn[39m: POST /api/products
2026-02-23T04:11:49.773Z [33mwarn[39m: POST /api/products
2026-02-23T04:11:49.776Z [33mwarn[39m: POST /api/products
2026-02-23T04:11:49.782Z [33mwarn[39m: POST /api/products
2026-02-23T04:11:49.786Z [33mwarn[39m: POST /api/products
2026-02-23T04:11:49.790Z [33mwarn[39m: PUT /api/products/699bd38508188bd8d1849db8
2026-02-23T04:11:49.805Z [33mwarn[39m: PUT /api/products/c3fe7eb8076e4de58d8d87c5
2026-02-23T04:11:49.809Z [33mwarn[39m: POST /api/products
2026-02-23T04:11:49.812Z [33mwarn[39m: DELETE /api/products/699bd38508188bd8d1849dc4
2026-02-23T04:11:49.816Z [33mwarn[39m: DELETE /api/products/6976ee1a24288645366787ac
2026-02-23T04:12:26.742Z [33mwarn[39m: POST /api/users
2026-02-23T04:12:26.759Z [33mwarn[39m: POST /api/users
2026-02-23T04:12:26.762Z [33mwarn[39m: POST /api/users
2026-02-23T04:12:26.767Z [33mwarn[39m: GET /api/users
2026-02-23T04:12:26.774Z [33mwarn[39m: POST /api/users
2026-02-23T04:12:26.776Z [33mwarn[39m: PUT /api/users
2026-02-23T04:12:26.780Z [33mwarn[39m: POST /api/users
2026-02-23T04:12:26.783Z [33mwarn[39m: DELETE /api/users
2026-02-23T04:12:27.462Z [33mwarn[39m: GET /api/products/699bd3ab7a1269ce4c631dc6
2026-02-23T04:12:27.479Z [33mwarn[39m: GET /api/products
2026-02-23T04:12:27.498Z [33mwarn[39m: POST /api/products
2026-02-23T04:12:27.506Z [33mwarn[39m: POST /api/products
2026-02-23T04:12:27.509Z [33mwarn[39m: POST /api/products
2026-02-23T04:12:27.516Z [33mwarn[39m: POST /api/products
2026-02-23T04:12:27.526Z [33mwarn[39m: POST /api/products
2026-02-23T04:12:27.530Z [33mwarn[39m: PUT /api/products/699bd3ab7a1269ce4c631dec
2026-02-23T04:12:27.541Z [33mwarn[39m: PUT /api/products/c3fe7eb8076e4de58d8d87c5
2026-02-23T04:12:27.546Z [33mwarn[39m: POST /api/products
2026-02-23T04:12:27.550Z [33mwarn[39m: DELETE /api/products/699bd3ab7a1269ce4c631df8
2026-02-23T04:12:27.559Z [33mwarn[39m: DELETE /api/products/6976ee1a24288645366787ac
2026-02-23T04:12:36.845Z [33mwarn[39m: POST /api/users
2026-02-23T04:12:36.862Z [33mwarn[39m: POST /api/users
2026-02-23T04:12:36.865Z [33mwarn[39m: POST /api/users
2026-02-23T04:12:36.870Z [33mwarn[39m: GET /api/users
2026-02-23T04:12:36.877Z [33mwarn[39m: POST /api/users
2026-02-23T04:12:36.880Z [33mwarn[39m: PUT /api/users
2026-02-23T04:12:36.884Z [33mwarn[39m: POST /api/users
2026-02-23T04:12:36.886Z [33mwarn[39m: DELETE /api/users
2026-02-23T04:12:37.484Z [33mwarn[39m: GET /api/products/699bd3b5d67e3c6200bc8b20
2026-02-23T04:12:37.499Z [33mwarn[39m: GET /api/products
2026-02-23T04:12:37.512Z [33mwarn[39m: POST /api/products
2026-02-23T04:12:37.518Z [33mwarn[39m: POST /api/products
2026-02-23T04:12:37.522Z [33mwarn[39m: POST /api/products
2026-02-23T04:12:37.527Z [33mwarn[39m: POST /api/products
2026-02-23T04:12:37.530Z [33mwarn[39m: POST /api/products
2026-02-23T04:12:37.539Z [33mwarn[39m: PUT /api/products/699bd3b5d67e3c6200bc8b44
2026-02-23T04:12:37.547Z [33mwarn[39m: PUT /api/products/c3fe7eb8076e4de58d8d87c5
2026-02-23T04:12:37.551Z [33mwarn[39m: POST /api/products
2026-02-23T04:12:37.554Z [33mwarn[39m: DELETE /api/products/699bd3b5d67e3c6200bc8b50
2026-02-23T04:12:37.559Z [33mwarn[39m: DELETE /api/products/6976ee1a24288645366787ac
2026-02-23T04:12:52.484Z [33mwarn[39m: POST /api/users
2026-02-23T04:12:52.499Z [33mwarn[39m: POST /api/users
2026-02-23T04:12:53.154Z [33mwarn[39m: POST /api/products
2026-02-23T04:12:53.164Z [33mwarn[39m: POST /api/products
2026-02-23T04:13:24.725Z [33mwarn[39m: POST /api/users
2026-02-23T04:13:24.744Z [33mwarn[39m: POST /api/users
2026-02-23T04:13:24.748Z [33mwarn[39m: POST /api/users
2026-02-23T04:13:24.755Z [33mwarn[39m: GET /api/users
2026-02-23T04:13:24.762Z [33mwarn[39m: POST /api/users
2026-02-23T04:13:24.765Z [33mwarn[39m: PUT /api/users
2026-02-23T04:13:24.770Z [33mwarn[39m: POST /api/users
2026-02-23T04:13:24.772Z [33mwarn[39m: DELETE /api/users
2026-02-23T04:13:25.375Z [33mwarn[39m: GET /api/products/699bd3e5894289f427eaafb7
2026-02-23T04:13:25.390Z [33mwarn[39m: GET /api/products
2026-02-23T04:13:25.404Z [33mwarn[39m: POST /api/products
2026-02-23T04:13:25.410Z [33mwarn[39m: POST /api/products
2026-02-23T04:13:25.413Z [33mwarn[39m: POST /api/products
2026-02-23T04:13:25.424Z [33mwarn[39m: POST /api/products
2026-02-23T04:13:25.428Z [33mwarn[39m: POST /api/products
2026-02-23T04:13:25.431Z [33mwarn[39m: PUT /api/products/699bd3e5894289f427eaafdb
2026-02-23T04:13:25.438Z [33mwarn[39m: PUT /api/products/c3fe7eb8076e4de58d8d87c5
2026-02-23T04:13:25.442Z [33mwarn[39m: POST /api/products
2026-02-23T04:13:25.445Z [33mwarn[39m: DELETE /api/products/699bd3e5894289f427eaafe7
2026-02-23T04:13:25.450Z [33mwarn[39m: DELETE /api/products/6976ee1a24288645366787ac
2026-02-23T04:18:55.791Z [33mwarn[39m: POST /api/users
2026-02-23T04:18:55.808Z [33mwarn[39m: POST /api/users
2026-02-23T04:18:55.812Z [33mwarn[39m: POST /api/users
2026-02-23T04:18:55.818Z [33mwarn[39m: GET /api/users
2026-02-23T04:18:55.825Z [33mwarn[39m: POST /api/users
2026-02-23T04:18:55.827Z [33mwarn[39m: PUT /api/users
2026-02-23T04:18:55.835Z [33mwarn[39m: POST /api/users
2026-02-23T04:18:55.839Z [33mwarn[39m: DELETE /api/users
2026-02-23T04:18:56.461Z [33mwarn[39m: GET /api/products/699bd530d424b41ae341b38c
2026-02-23T04:18:56.476Z [33mwarn[39m: GET /api/products
2026-02-23T04:18:56.491Z [33mwarn[39m: POST /api/products
2026-02-23T04:18:56.497Z [33mwarn[39m: POST /api/products
2026-02-23T04:18:56.501Z [33mwarn[39m: POST /api/products
2026-02-23T04:18:56.506Z [33mwarn[39m: POST /api/products
2026-02-23T04:18:56.518Z [33mwarn[39m: POST /api/products
2026-02-23T04:18:56.521Z [33mwarn[39m: PUT /api/products/699bd530d424b41ae341b3b1
2026-02-23T04:18:56.529Z [33mwarn[39m: PUT /api/products/c3fe7eb8076e4de58d8d87c5
2026-02-23T04:18:56.534Z [33mwarn[39m: POST /api/products
2026-02-23T04:18:56.537Z [33mwarn[39m: DELETE /api/products/699bd530d424b41ae341b3bd
2026-02-23T04:18:56.542Z [33mwarn[39m: DELETE /api/products/6976ee1a24288645366787ac
2026-02-23T04:19:04.460Z [33mwarn[39m: POST /api/users
2026-02-23T04:19:04.479Z [33mwarn[39m: POST /api/users
2026-02-23T04:19:04.484Z [33mwarn[39m: POST /api/users
2026-02-23T04:19:04.489Z [33mwarn[39m: GET /api/users
2026-02-23T04:19:04.497Z [33mwarn[39m: POST /api/users
2026-02-23T04:19:04.500Z [33mwarn[39m: PUT /api/users
2026-02-23T04:19:04.504Z [33mwarn[39m: POST /api/users
2026-02-23T04:19:04.507Z [33mwarn[39m: DELETE /api/users
2026-02-23T04:19:05.121Z [33mwarn[39m: GET /api/products/699bd5394cb8fcd65ee17f7e
2026-02-23T04:19:05.136Z [33mwarn[39m: GET /api/products
2026-02-23T04:19:05.149Z [33mwarn[39m: POST /api/products
2026-02-23T04:19:05.155Z [33mwarn[39m: POST /api/products
2026-02-23T04:19:05.159Z [33mwarn[39m: POST /api/products
2026-02-23T04:19:05.170Z [33mwarn[39m: POST /api/products
2026-02-23T04:19:05.174Z [33mwarn[39m: POST /api/products
2026-02-23T04:19:05.177Z [33mwarn[39m: PUT /api/products/699bd5394cb8fcd65ee17fa2
2026-02-23T04:19:05.184Z [33mwarn[39m: PUT /api/products/c3fe7eb8076e4de58d8d87c5
2026-02-23T04:19:05.189Z [33mwarn[39m: POST /api/products
2026-02-23T04:19:05.192Z [33mwarn[39m: DELETE /api/products/699bd5394cb8fcd65ee17fae
2026-02-23T04:19:05.196Z [33mwarn[39m: DELETE /api/products/6976ee1a24288645366787ac
2026-02-23T04:19:11.197Z [33mwarn[39m: GET /api/products/699bd53faf49ad6fe684e1a2
2026-02-23T04:19:11.212Z [33mwarn[39m: GET /api/products
2026-02-23T04:19:11.225Z [33mwarn[39m: POST /api/products
2026-02-23T04:19:11.231Z [33mwarn[39m: POST /api/products
2026-02-23T04:19:11.235Z [33mwarn[39m: POST /api/products
2026-02-23T04:19:11.240Z [33mwarn[39m: POST /api/products
2026-02-23T04:19:11.244Z [33mwarn[39m: POST /api/products
2026-02-23T04:19:11.248Z [33mwarn[39m: PUT /api/products/699bd53faf49ad6fe684e1c6
2026-02-23T04:19:11.258Z [33mwarn[39m: PUT /api/products/c3fe7eb8076e4de58d8d87c5
2026-02-23T04:19:11.264Z [33mwarn[39m: POST /api/products
2026-02-23T04:19:11.268Z [33mwarn[39m: DELETE /api/products/699bd53faf49ad6fe684e1d2
2026-02-23T04:19:11.273Z [33mwarn[39m: DELETE /api/products/6976ee1a24288645366787ac
2026-02-23T04:25:42.605Z [33mwarn[39m: GET /api/products/699bd6c6eb125170c4db6602
2026-02-23T04:25:42.622Z [33mwarn[39m: GET /api/products
2026-02-23T04:25:42.647Z [33mwarn[39m: POST /api/products
2026-02-23T04:25:42.655Z [33mwarn[39m: POST /api/products
2026-02-23T04:25:42.664Z [33mwarn[39m: POST /api/products
2026-02-23T04:25:42.675Z [33mwarn[39m: POST /api/products
2026-02-23T04:25:42.680Z [33mwarn[39m: POST /api/products
2026-02-23T04:25:42.691Z [33mwarn[39m: PUT /api/products/699bd6c6eb125170c4db6626
2026-02-23T04:25:42.707Z [33mwarn[39m: PUT /api/products/c3fe7eb8076e4de58d8d87c5
2026-02-23T04:25:42.727Z [33mwarn[39m: POST /api/products
2026-02-23T04:25:42.732Z [33mwarn[39m: DELETE /api/products/699bd6c6eb125170c4db6632
2026-02-23T04:25:42.741Z [33mwarn[39m: DELETE /api/products/6976ee1a24288645366787ac
2026-02-23T04:26:14.994Z [33mwarn[39m: GET /api/products/699bd6e62120ac7fada2a4b9
2026-02-23T04:26:15.015Z [33mwarn[39m: GET /api/products
2026-02-23T04:26:15.038Z [33mwarn[39m: POST /api/products
2026-02-23T04:26:15.045Z [33mwarn[39m: POST /api/products
2026-02-23T04:26:15.049Z [33mwarn[39m: POST /api/products
2026-02-23T04:26:15.059Z [33mwarn[39m: POST /api/products
2026-02-23T04:26:15.063Z [33mwarn[39m: POST /api/products
2026-02-23T04:26:15.072Z [33mwarn[39m: PUT /api/products/699bd6e72120ac7fada2a4dd
2026-02-23T04:26:15.146Z [33mwarn[39m: PUT /api/products/c3fe7eb8076e4de58d8d87c5
2026-02-23T04:26:15.157Z [33mwarn[39m: POST /api/products
2026-02-23T04:26:15.161Z [33mwarn[39m: DELETE /api/products/699bd6e72120ac7fada2a4e9
2026-02-23T04:26:15.166Z [33mwarn[39m: DELETE /api/products/6976ee1a24288645366787ac
2026-02-23T04:27:56.270Z [33mwarn[39m: GET /api/products/699bd74cc38f1e27f5e8d227
2026-02-23T04:27:56.288Z [33mwarn[39m: GET /api/products
2026-02-23T04:27:56.306Z [33mwarn[39m: POST /api/products
2026-02-23T04:27:56.314Z [33mwarn[39m: POST /api/products
2026-02-23T04:27:56.327Z [33mwarn[39m: POST /api/products
2026-02-23T04:27:56.334Z [33mwarn[39m: POST /api/products
2026-02-23T04:27:56.340Z [33mwarn[39m: POST /api/products
2026-02-23T04:27:56.349Z [33mwarn[39m: PUT /api/products/699bd74cc38f1e27f5e8d24b
2026-02-23T04:27:56.364Z [33mwarn[39m: PUT /api/products/c3fe7eb8076e4de58d8d87c5
2026-02-23T04:27:56.373Z [33mwarn[39m: POST /api/products
2026-02-23T04:27:56.378Z [33mwarn[39m: DELETE /api/products/699bd74cc38f1e27f5e8d257
2026-02-23T04:27:56.384Z [33mwarn[39m: DELETE /api/products/6976ee1a24288645366787ac
2026-02-23T04:27:59.671Z [33mwarn[39m: GET /api/products/699bd74f241b2e3f84a54c33
2026-02-23T04:27:59.689Z [33mwarn[39m: GET /api/products
2026-02-23T04:27:59.708Z [33mwarn[39m: POST /api/products
2026-02-23T04:27:59.716Z [33mwarn[39m: POST /api/products
2026-02-23T04:27:59.722Z [33mwarn[39m: POST /api/products
2026-02-23T04:27:59.730Z [33mwarn[39m: POST /api/products
2026-02-23T04:27:59.736Z [33mwarn[39m: POST /api/products
2026-02-23T04:27:59.741Z [33mwarn[39m: PUT /api/products/699bd74f241b2e3f84a54c55
2026-02-23T04:27:59.754Z [33mwarn[39m: PUT /api/products/c3fe7eb8076e4de58d8d87c5
2026-02-23T04:27:59.768Z [33mwarn[39m: POST /api/products
2026-02-23T04:27:59.773Z [33mwarn[39m: DELETE /api/products/699bd74f241b2e3f84a54c61
2026-02-23T04:27:59.779Z [33mwarn[39m: DELETE /api/products/6976ee1a24288645366787ac
2026-02-23T04:31:15.849Z [33mwarn[39m: GET /api/products/699bd8131e79d4aa22ee66e8
2026-02-23T04:31:15.867Z [33mwarn[39m: GET /api/products
2026-02-23T04:31:15.889Z [33mwarn[39m: POST /api/products
2026-02-23T04:31:15.898Z [33mwarn[39m: POST /api/products
2026-02-23T04:31:15.905Z [33mwarn[39m: POST /api/products
2026-02-23T04:31:15.914Z [33mwarn[39m: POST /api/products
2026-02-23T04:31:15.920Z [33mwarn[39m: POST /api/products
2026-02-23T04:31:15.933Z [33mwarn[39m: PUT /api/products/699bd8131e79d4aa22ee670c
2026-02-23T04:31:15.945Z [33mwarn[39m: PUT /api/products/c3fe7eb8076e4de58d8d87c5
2026-02-23T04:31:15.953Z [33mwarn[39m: POST /api/products
2026-02-23T04:31:15.958Z [33mwarn[39m: DELETE /api/products/699bd8131e79d4aa22ee6718
2026-02-23T04:31:15.965Z [33mwarn[39m: DELETE /api/products/6976ee1a24288645366787ac
2026-02-23T04:31:28.765Z [33mwarn[39m: GET /api/products/699bd8201640f033d11988e5
2026-02-23T04:31:28.781Z [33mwarn[39m: GET /api/products
2026-02-23T04:31:28.796Z [33mwarn[39m: POST /api/products
2026-02-23T04:31:28.804Z [33mwarn[39m: POST /api/products
2026-02-23T04:31:28.808Z [33mwarn[39m: POST /api/products
2026-02-23T04:31:28.813Z [33mwarn[39m: POST /api/products
2026-02-23T04:31:28.818Z [33mwarn[39m: POST /api/products
2026-02-23T04:31:28.822Z [33mwarn[39m: PUT /api/products/699bd8201640f033d1198909
2026-02-23T04:31:28.831Z [33mwarn[39m: PUT /api/products/c3fe7eb8076e4de58d8d87c5
2026-02-23T04:31:28.838Z [33mwarn[39m: POST /api/products
2026-02-23T04:31:28.842Z [33mwarn[39m: DELETE /api/products/699bd8201640f033d1198915
2026-02-23T04:31:28.847Z [33mwarn[39m: DELETE /api/products/6976ee1a24288645366787ac
2026-02-23T05:05:55.877Z [33mwarn[39m: GET /api/products/699be0334c27579bcb6d744e
2026-02-23T05:05:55.892Z [33mwarn[39m: GET /api/products
2026-02-23T05:05:55.907Z [33mwarn[39m: POST /api/products
2026-02-23T05:05:55.915Z [33mwarn[39m: POST /api/products
2026-02-23T05:05:55.919Z [33mwarn[39m: POST /api/products
2026-02-23T05:05:55.927Z [33mwarn[39m: POST /api/products
2026-02-23T05:05:55.931Z [33mwarn[39m: POST /api/products
2026-02-23T05:05:55.935Z [33mwarn[39m: PUT /api/products/699be0334c27579bcb6d7472
2026-02-23T05:05:55.945Z [33mwarn[39m: PUT /api/products/c3fe7eb8076e4de58d8d87c5
2026-02-23T05:05:55.952Z [33mwarn[39m: POST /api/products
2026-02-23T05:05:55.956Z [33mwarn[39m: DELETE /api/products/699be0334c27579bcb6d747e
2026-02-23T05:05:55.961Z [33mwarn[39m: DELETE /api/products/6976ee1a24288645366787ac
2026-02-23T05:06:10.137Z [33mwarn[39m: POST /api/users
2026-02-23T05:06:10.156Z [33mwarn[39m: POST /api/users
2026-02-23T05:06:10.160Z [33mwarn[39m: POST /api/users
2026-02-23T05:06:10.166Z [33mwarn[39m: GET /api/users
2026-02-23T05:06:10.173Z [33mwarn[39m: POST /api/users
2026-02-23T05:06:10.176Z [33mwarn[39m: PUT /api/users
2026-02-23T05:06:10.181Z [33mwarn[39m: POST /api/users
2026-02-23T05:06:10.183Z [33mwarn[39m: DELETE /api/users
2026-02-23T05:06:10.779Z [33mwarn[39m: GET /api/products/699be0426408f9b24c810bd6
2026-02-23T05:06:10.795Z [33mwarn[39m: GET /api/products
2026-02-23T05:06:10.808Z [33mwarn[39m: POST /api/products
2026-02-23T05:06:10.814Z [33mwarn[39m: POST /api/products
2026-02-23T05:06:10.818Z [33mwarn[39m: POST /api/products
2026-02-23T05:06:10.830Z [33mwarn[39m: POST /api/products
2026-02-23T05:06:10.833Z [33mwarn[39m: POST /api/products
2026-02-23T05:06:10.836Z [33mwarn[39m: PUT /api/products/699be0426408f9b24c810bfa
2026-02-23T05:06:10.843Z [33mwarn[39m: PUT /api/products/c3fe7eb8076e4de58d8d87c5
2026-02-23T05:06:10.848Z [33mwarn[39m: POST /api/products
2026-02-23T05:06:10.850Z [33mwarn[39m: DELETE /api/products/699be0426408f9b24c810c06
2026-02-23T05:06:10.855Z [33mwarn[39m: DELETE /api/products/6976ee1a24288645366787ac
2026-02-23T05:08:11.662Z [33mwarn[39m: POST /api/users
2026-02-23T05:08:11.680Z [33mwarn[39m: POST /api/users
2026-02-23T05:08:11.683Z [33mwarn[39m: POST /api/users
2026-02-23T05:08:11.689Z [33mwarn[39m: GET /api/users
2026-02-23T05:08:11.696Z [33mwarn[39m: POST /api/users
2026-02-23T05:08:11.699Z [33mwarn[39m: PUT /api/users
2026-02-23T05:08:11.703Z [33mwarn[39m: POST /api/users
2026-02-23T05:08:11.705Z [33mwarn[39m: DELETE /api/users
2026-02-23T05:08:12.300Z [33mwarn[39m: GET /api/products/699be0bca498749408fa18e0
2026-02-23T05:08:12.314Z [33mwarn[39m: GET /api/products
2026-02-23T05:08:12.328Z [33mwarn[39m: POST /api/products
2026-02-23T05:08:12.333Z [33mwarn[39m: POST /api/products
2026-02-23T05:08:12.337Z [33mwarn[39m: POST /api/products
2026-02-23T05:08:12.342Z [33mwarn[39m: POST /api/products
2026-02-23T05:08:12.345Z [33mwarn[39m: POST /api/products
2026-02-23T05:08:12.348Z [33mwarn[39m: PUT /api/products/699be0bca498749408fa1904
2026-02-23T05:08:12.356Z [33mwarn[39m: PUT /api/products/c3fe7eb8076e4de58d8d87c5
2026-02-23T05:08:12.368Z [33mwarn[39m: POST /api/products
2026-02-23T05:08:12.371Z [33mwarn[39m: DELETE /api/products/699be0bca498749408fa1910
2026-02-23T05:08:12.376Z [33mwarn[39m: DELETE /api/products/6976ee1a24288645366787ac
2026-02-23T05:08:23.512Z [33mwarn[39m: POST /api/users
2026-02-23T05:08:23.528Z [33mwarn[39m: POST /api/users
2026-02-23T05:08:23.532Z [33mwarn[39m: POST /api/users
2026-02-23T05:08:23.540Z [33mwarn[39m: GET /api/users
2026-02-23T05:08:23.551Z [33mwarn[39m: POST /api/users
2026-02-23T05:08:23.554Z [33mwarn[39m: PUT /api/users
2026-02-23T05:08:23.558Z [33mwarn[39m: POST /api/users
2026-02-23T05:08:23.561Z [33mwarn[39m: DELETE /api/users
2026-02-23T05:08:24.202Z [33mwarn[39m: GET /api/products/699be0c85cfb9373b8efa660
2026-02-23T05:08:24.217Z [33mwarn[39m: GET /api/products
2026-02-23T05:08:24.231Z [33mwarn[39m: POST /api/products
2026-02-23T05:08:24.237Z [33mwarn[39m: POST /api/products
2026-02-23T05:08:24.240Z [33mwarn[39m: POST /api/products
2026-02-23T05:08:24.249Z [33mwarn[39m: POST /api/products
2026-02-23T05:08:24.253Z [33mwarn[39m: POST /api/products
2026-02-23T05:08:24.256Z [33mwarn[39m: PUT /api/products/699be0c85cfb9373b8efa684
2026-02-23T05:08:24.265Z [33mwarn[39m: PUT /api/products/c3fe7eb8076e4de58d8d87c5
2026-02-23T05:08:24.270Z [33mwarn[39m: POST /api/products
2026-02-23T05:08:24.274Z [33mwarn[39m: DELETE /api/products/699be0c85cfb9373b8efa690
2026-02-23T05:08:24.278Z [33mwarn[39m: DELETE /api/products/6976ee1a24288645366787ac
2026-02-23T05:08:31.876Z [33mwarn[39m: POST /api/users
2026-02-23T05:08:31.892Z [33mwarn[39m: POST /api/users
2026-02-23T05:08:31.895Z [33mwarn[39m: POST /api/users
2026-02-23T05:08:31.901Z [33mwarn[39m: GET /api/users
2026-02-23T05:08:31.908Z [33mwarn[39m: POST /api/users
2026-02-23T05:08:31.910Z [33mwarn[39m: PUT /api/users
2026-02-23T05:08:31.914Z [33mwarn[39m: POST /api/users
2026-02-23T05:08:31.916Z [33mwarn[39m: DELETE /api/users
2026-02-23T05:08:32.505Z [33mwarn[39m: GET /api/products/699be0d016ca106cfb66ce5a
2026-02-23T05:08:32.519Z [33mwarn[39m: GET /api/products
2026-02-23T05:08:32.532Z [33mwarn[39m: POST /api/products
2026-02-23T05:08:32.538Z [33mwarn[39m: POST /api/products
2026-02-23T05:08:32.542Z [33mwarn[39m: POST /api/products
2026-02-23T05:08:32.547Z [33mwarn[39m: POST /api/products
2026-02-23T05:08:32.550Z [33mwarn[39m: POST /api/products
2026-02-23T05:08:32.560Z [33mwarn[39m: PUT /api/products/699be0d016ca106cfb66ce7e
2026-02-23T05:08:32.568Z [33mwarn[39m: PUT /api/products/c3fe7eb8076e4de58d8d87c5
2026-02-23T05:08:32.572Z [33mwarn[39m: POST /api/products
2026-02-23T05:08:32.576Z [33mwarn[39m: DELETE /api/products/699be0d016ca106cfb66ce8a
2026-02-23T05:08:32.580Z [33mwarn[39m: DELETE /api/products/6976ee1a24288645366787ac
2026-02-23T05:15:52.176Z [33mwarn[39m: POST /api/users
2026-02-23T05:15:52.194Z [33mwarn[39m: POST /api/users
2026-02-23T05:15:52.198Z [33mwarn[39m: POST /api/users
2026-02-23T05:15:52.203Z [33mwarn[39m: GET /api/users
2026-02-23T05:15:52.212Z [33mwarn[39m: POST /api/users
2026-02-23T05:15:52.214Z [33mwarn[39m: PUT /api/users
2026-02-23T05:15:52.218Z [33mwarn[39m: POST /api/users
2026-02-23T05:15:52.221Z [33mwarn[39m: DELETE /api/users
2026-02-23T05:15:52.848Z [33mwarn[39m: GET /api/products/699be288812920f1c40906ea
2026-02-23T05:15:52.869Z [33mwarn[39m: GET /api/products
2026-02-23T05:15:52.882Z [33mwarn[39m: POST /api/products
2026-02-23T05:15:52.889Z [33mwarn[39m: POST /api/products
2026-02-23T05:15:52.892Z [33mwarn[39m: POST /api/products
2026-02-23T05:15:52.897Z [33mwarn[39m: POST /api/products
2026-02-23T05:15:52.900Z [33mwarn[39m: POST /api/products
2026-02-23T05:15:52.903Z [33mwarn[39m: PUT /api/products/699be288812920f1c409070e
2026-02-23T05:15:52.911Z [33mwarn[39m: PUT /api/products/c3fe7eb8076e4de58d8d87c5
2026-02-23T05:15:52.915Z [33mwarn[39m: POST /api/products
2026-02-23T05:15:52.918Z [33mwarn[39m: DELETE /api/products/699be288812920f1c409071a
2026-02-23T05:15:52.922Z [33mwarn[39m: DELETE /api/products/6976ee1a24288645366787ac
2026-02-23T05:15:57.113Z [33mwarn[39m: POST /api/users
2026-02-23T05:15:57.130Z [33mwarn[39m: POST /api/users
2026-02-23T05:15:57.134Z [33mwarn[39m: POST /api/users
2026-02-23T05:15:57.139Z [33mwarn[39m: GET /api/users
2026-02-23T05:15:57.146Z [33mwarn[39m: POST /api/users
2026-02-23T05:15:57.149Z [33mwarn[39m: PUT /api/users
2026-02-23T05:15:57.153Z [33mwarn[39m: POST /api/users
2026-02-23T05:15:57.155Z [33mwarn[39m: DELETE /api/users
2026-02-23T05:15:57.753Z [33mwarn[39m: GET /api/products/699be28debd9cacf967c08d6
2026-02-23T05:15:57.767Z [33mwarn[39m: GET /api/products
2026-02-23T05:15:57.779Z [33mwarn[39m: POST /api/products
2026-02-23T05:15:57.785Z [33mwarn[39m: POST /api/products
2026-02-23T05:15:57.795Z [33mwarn[39m: POST /api/products
2026-02-23T05:15:57.800Z [33mwarn[39m: POST /api/products
2026-02-23T05:15:57.803Z [33mwarn[39m: POST /api/products
2026-02-23T05:15:57.806Z [33mwarn[39m: PUT /api/products/699be28debd9cacf967c08fa
2026-02-23T05:15:57.814Z [33mwarn[39m: PUT /api/products/c3fe7eb8076e4de58d8d87c5
2026-02-23T05:15:57.818Z [33mwarn[39m: POST /api/products
2026-02-23T05:15:57.821Z [33mwarn[39m: DELETE /api/products/699be28debd9cacf967c0906
2026-02-23T05:15:57.826Z [33mwarn[39m: DELETE /api/products/6976ee1a24288645366787ac
2026-02-23T05:16:00.422Z [33mwarn[39m: POST /api/users
2026-02-23T05:16:00.439Z [33mwarn[39m: POST /api/users
2026-02-23T05:16:00.444Z [33mwarn[39m: POST /api/users
2026-02-23T05:16:00.450Z [33mwarn[39m: GET /api/users
2026-02-23T05:16:00.458Z [33mwarn[39m: POST /api/users
2026-02-23T05:16:00.461Z [33mwarn[39m: PUT /api/users
2026-02-23T05:16:00.464Z [33mwarn[39m: POST /api/users
2026-02-23T05:16:00.467Z [33mwarn[39m: DELETE /api/users
2026-02-23T05:16:01.192Z [33mwarn[39m: GET /api/products/699be29121959f9da92eb65f
2026-02-23T05:16:01.205Z [33mwarn[39m: GET /api/products
2026-02-23T05:16:01.218Z [33mwarn[39m: POST /api/products
2026-02-23T05:16:01.224Z [33mwarn[39m: POST /api/products
2026-02-23T05:16:01.227Z [33mwarn[39m: POST /api/products
2026-02-23T05:16:01.233Z [33mwarn[39m: POST /api/products
2026-02-23T05:16:01.237Z [33mwarn[39m: POST /api/products
2026-02-23T05:16:01.240Z [33mwarn[39m: PUT /api/products/699be29121959f9da92eb686
2026-02-23T05:16:01.247Z [33mwarn[39m: PUT /api/products/c3fe7eb8076e4de58d8d87c5
2026-02-23T05:16:01.252Z [33mwarn[39m: POST /api/products
2026-02-23T05:16:01.254Z [33mwarn[39m: DELETE /api/products/699be29121959f9da92eb692
2026-02-23T05:16:01.259Z [33mwarn[39m: DELETE /api/products/6976ee1a24288645366787ac
2026-02-23T05:18:03.695Z [33mwarn[39m: POST /api/users
2026-02-23T05:18:03.713Z [33mwarn[39m: POST /api/users
2026-02-23T05:18:03.722Z [33mwarn[39m: POST /api/users
2026-02-23T05:18:03.727Z [33mwarn[39m: GET /api/users
2026-02-23T05:18:03.735Z [33mwarn[39m: POST /api/users
2026-02-23T05:18:03.737Z [33mwarn[39m: PUT /api/users
2026-02-23T05:18:03.741Z [33mwarn[39m: POST /api/users
2026-02-23T05:18:03.744Z [33mwarn[39m: DELETE /api/users
2026-02-23T05:18:04.446Z [33mwarn[39m: GET /api/products/699be30cc062169f4005cb0a
2026-02-23T05:18:04.459Z [33mwarn[39m: GET /api/products
2026-02-23T05:18:04.476Z [33mwarn[39m: POST /api/products
2026-02-23T05:18:04.481Z [33mwarn[39m: POST /api/products
2026-02-23T05:18:04.484Z [33mwarn[39m: POST /api/products
2026-02-23T05:18:04.489Z [33mwarn[39m: POST /api/products
2026-02-23T05:18:04.492Z [33mwarn[39m: POST /api/products
2026-02-23T05:18:04.495Z [33mwarn[39m: PUT /api/products/699be30cc062169f4005cb2e
2026-02-23T05:18:04.502Z [33mwarn[39m: PUT /api/products/c3fe7eb8076e4de58d8d87c5
2026-02-23T05:18:04.506Z [33mwarn[39m: POST /api/products
2026-02-23T05:18:04.509Z [33mwarn[39m: DELETE /api/products/699be30cc062169f4005cb3a
2026-02-23T05:18:04.513Z [33mwarn[39m: DELETE /api/products/6976ee1a24288645366787ac
2026-02-23T05:18:08.132Z [33mwarn[39m: POST /api/users
2026-02-23T05:18:08.148Z [33mwarn[39m: POST /api/users
2026-02-23T05:18:08.151Z [33mwarn[39m: POST /api/users
2026-02-23T05:18:08.157Z [33mwarn[39m: GET /api/users
2026-02-23T05:18:08.163Z [33mwarn[39m: POST /api/users
2026-02-23T05:18:08.166Z [33mwarn[39m: PUT /api/users
2026-02-23T05:18:08.170Z [33mwarn[39m: POST /api/users
2026-02-23T05:18:08.172Z [33mwarn[39m: DELETE /api/users
2026-02-23T05:18:08.770Z [33mwarn[39m: GET /api/products/699be310055b29ce1ea3cf26
2026-02-23T05:18:08.785Z [33mwarn[39m: GET /api/products
2026-02-23T05:18:08.799Z [33mwarn[39m: POST /api/products
2026-02-23T05:18:08.805Z [33mwarn[39m: POST /api/products
2026-02-23T05:18:08.809Z [33mwarn[39m: POST /api/products
2026-02-23T05:18:08.814Z [33mwarn[39m: POST /api/products
2026-02-23T05:18:08.818Z [33mwarn[39m: POST /api/products
2026-02-23T05:18:08.821Z [33mwarn[39m: PUT /api/products/699be310055b29ce1ea3cf4a
2026-02-23T05:18:08.830Z [33mwarn[39m: PUT /api/products/c3fe7eb8076e4de58d8d87c5
2026-02-23T05:18:08.834Z [33mwarn[39m: POST /api/products
2026-02-23T05:18:08.837Z [33mwarn[39m: DELETE /api/products/699be310055b29ce1ea3cf56
2026-02-23T05:18:08.849Z [33mwarn[39m: DELETE /api/products/6976ee1a24288645366787ac
2026-02-23T05:18:11.776Z [33mwarn[39m: POST /api/users
2026-02-23T05:18:11.793Z [33mwarn[39m: POST /api/users
2026-02-23T05:18:11.797Z [33mwarn[39m: POST /api/users
2026-02-23T05:18:11.802Z [33mwarn[39m: GET /api/users
2026-02-23T05:18:11.808Z [33mwarn[39m: POST /api/users
2026-02-23T05:18:11.811Z [33mwarn[39m: PUT /api/users
2026-02-23T05:18:11.815Z [33mwarn[39m: POST /api/users
2026-02-23T05:18:11.817Z [33mwarn[39m: DELETE /api/users
2026-02-23T05:18:12.521Z [33mwarn[39m: GET /api/products/699be3143d840a7250d36c4a
2026-02-23T05:18:12.534Z [33mwarn[39m: GET /api/products
2026-02-23T05:18:12.548Z [33mwarn[39m: POST /api/products
2026-02-23T05:18:12.554Z [33mwarn[39m: POST /api/products
2026-02-23T05:18:12.557Z [33mwarn[39m: POST /api/products
2026-02-23T05:18:12.562Z [33mwarn[39m: POST /api/products
2026-02-23T05:18:12.565Z [33mwarn[39m: POST /api/products
2026-02-23T05:18:12.568Z [33mwarn[39m: PUT /api/products/699be3143d840a7250d36c6e
2026-02-23T05:18:12.575Z [33mwarn[39m: PUT /api/products/c3fe7eb8076e4de58d8d87c5
2026-02-23T05:18:12.579Z [33mwarn[39m: POST /api/products
2026-02-23T05:18:12.582Z [33mwarn[39m: DELETE /api/products/699be3143d840a7250d36c7a
2026-02-23T05:18:12.586Z [33mwarn[39m: DELETE /api/products/6976ee1a24288645366787ac
2026-02-23T05:18:16.695Z [33mwarn[39m: POST /api/users
2026-02-23T05:18:16.713Z [33mwarn[39m: POST /api/users
2026-02-23T05:18:16.716Z [33mwarn[39m: POST /api/users
2026-02-23T05:18:16.722Z [33mwarn[39m: GET /api/users
2026-02-23T05:18:16.729Z [33mwarn[39m: POST /api/users
2026-02-23T05:18:16.732Z [33mwarn[39m: PUT /api/users
2026-02-23T05:18:16.736Z [33mwarn[39m: POST /api/users
2026-02-23T05:18:16.738Z [33mwarn[39m: DELETE /api/users
2026-02-23T05:18:17.355Z [33mwarn[39m: GET /api/products/699be31922483813c41f6ea2
2026-02-23T05:18:17.370Z [33mwarn[39m: GET /api/products
2026-02-23T05:18:17.384Z [33mwarn[39m: POST /api/products
2026-02-23T05:18:17.389Z [33mwarn[39m: POST /api/products
2026-02-23T05:18:17.393Z [33mwarn[39m: POST /api/products
2026-02-23T05:18:17.398Z [33mwarn[39m: POST /api/products
2026-02-23T05:18:17.401Z [33mwarn[39m: POST /api/products
2026-02-23T05:18:17.404Z [33mwarn[39m: PUT /api/products/699be31922483813c41f6ec6
2026-02-23T05:18:17.411Z [33mwarn[39m: PUT /api/products/c3fe7eb8076e4de58d8d87c5
2026-02-23T05:18:17.416Z [33mwarn[39m: POST /api/products
2026-02-23T05:18:17.425Z [33mwarn[39m: DELETE /api/products/699be31922483813c41f6ed2
2026-02-23T05:18:17.430Z [33mwarn[39m: DELETE /api/products/6976ee1a24288645366787ac
2026-02-23T05:18:22.126Z [33mwarn[39m: POST /api/users
2026-02-23T05:18:22.142Z [33mwarn[39m: POST /api/users
2026-02-23T05:18:22.145Z [33mwarn[39m: POST /api/users
2026-02-23T05:18:22.150Z [33mwarn[39m: GET /api/users
2026-02-23T05:18:22.157Z [33mwarn[39m: POST /api/users
2026-02-23T05:18:22.160Z [33mwarn[39m: PUT /api/users
2026-02-23T05:18:22.164Z [33mwarn[39m: POST /api/users
2026-02-23T05:18:22.166Z [33mwarn[39m: DELETE /api/users
2026-02-23T05:18:22.918Z [33mwarn[39m: GET /api/products/699be31e557158aef1fa72c2
2026-02-23T05:18:22.932Z [33mwarn[39m: GET /api/products
2026-02-23T05:18:22.945Z [33mwarn[39m: POST /api/products
2026-02-23T05:18:22.951Z [33mwarn[39m: POST /api/products
2026-02-23T05:18:22.954Z [33mwarn[39m: POST /api/products
2026-02-23T05:18:22.959Z [33mwarn[39m: POST /api/products
2026-02-23T05:18:22.962Z [33mwarn[39m: POST /api/products
2026-02-23T05:18:22.965Z [33mwarn[39m: PUT /api/products/699be31e557158aef1fa72e6
2026-02-23T05:18:22.972Z [33mwarn[39m: PUT /api/products/c3fe7eb8076e4de58d8d87c5
2026-02-23T05:18:22.978Z [33mwarn[39m: POST /api/products
2026-02-23T05:18:22.982Z [33mwarn[39m: DELETE /api/products/699be31e557158aef1fa72f2
2026-02-23T05:18:22.987Z [33mwarn[39m: DELETE /api/products/6976ee1a24288645366787ac
2026-02-23T05:18:26.482Z [33mwarn[39m: POST /api/users
2026-02-23T05:18:26.505Z [33mwarn[39m: POST /api/users
2026-02-23T05:18:26.510Z [33mwarn[39m: POST /api/users
2026-02-23T05:18:26.515Z [33mwarn[39m: GET /api/users
2026-02-23T05:18:26.523Z [33mwarn[39m: POST /api/users
2026-02-23T05:18:26.526Z [33mwarn[39m: PUT /api/users
2026-02-23T05:18:26.530Z [33mwarn[39m: POST /api/users
2026-02-23T05:18:26.533Z [33mwarn[39m: DELETE /api/users
2026-02-23T05:18:27.188Z [33mwarn[39m: GET /api/products/699be323f6ff0986d9b9db9e
2026-02-23T05:18:27.241Z [33mwarn[39m: GET /api/products
2026-02-23T05:18:27.261Z [33mwarn[39m: POST /api/products
2026-02-23T05:18:27.268Z [33mwarn[39m: POST /api/products
2026-02-23T05:18:27.272Z [33mwarn[39m: POST /api/products
2026-02-23T05:18:27.280Z [33mwarn[39m: POST /api/products
2026-02-23T05:18:27.284Z [33mwarn[39m: POST /api/products
2026-02-23T05:18:27.288Z [33mwarn[39m: PUT /api/products/699be323f6ff0986d9b9dbc2
2026-02-23T05:18:27.297Z [33mwarn[39m: PUT /api/products/c3fe7eb8076e4de58d8d87c5
2026-02-23T05:18:27.303Z [33mwarn[39m: POST /api/products
2026-02-23T05:18:27.307Z [33mwarn[39m: DELETE /api/products/699be323f6ff0986d9b9dbce
2026-02-23T05:18:27.313Z [33mwarn[39m: DELETE /api/products/6976ee1a24288645366787ac
2026-02-23T05:18:29.041Z [33mwarn[39m: POST /api/users
2026-02-23T05:18:29.058Z [33mwarn[39m: POST /api/users
2026-02-23T05:18:29.062Z [33mwarn[39m: POST /api/users
2026-02-23T05:18:29.067Z [33mwarn[39m: GET /api/users
2026-02-23T05:18:29.075Z [33mwarn[39m: POST /api/users
2026-02-23T05:18:29.078Z [33mwarn[39m: PUT /api/users
2026-02-23T05:18:29.081Z [33mwarn[39m: POST /api/users
2026-02-23T05:18:29.084Z [33mwarn[39m: DELETE /api/users
2026-02-23T05:18:29.780Z [33mwarn[39m: GET /api/products/699be3257bd0ad5fa425793a
2026-02-23T05:18:29.794Z [33mwarn[39m: GET /api/products
2026-02-23T05:18:29.808Z [33mwarn[39m: POST /api/products
2026-02-23T05:18:29.813Z [33mwarn[39m: POST /api/products
2026-02-23T05:18:29.816Z [33mwarn[39m: POST /api/products
2026-02-23T05:18:29.820Z [33mwarn[39m: POST /api/products
2026-02-23T05:18:29.824Z [33mwarn[39m: POST /api/products
2026-02-23T05:18:29.828Z [33mwarn[39m: PUT /api/products/699be3257bd0ad5fa425795e
2026-02-23T05:18:29.834Z [33mwarn[39m: PUT /api/products/c3fe7eb8076e4de58d8d87c5
2026-02-23T05:18:29.839Z [33mwarn[39m: POST /api/products
2026-02-23T05:18:29.843Z [33mwarn[39m: DELETE /api/products/699be3257bd0ad5fa425796a
2026-02-23T05:18:29.849Z [33mwarn[39m: DELETE /api/products/6976ee1a24288645366787ac
2026-02-23T05:18:31.694Z [33mwarn[39m: POST /api/users
2026-02-23T05:18:31.712Z [33mwarn[39m: POST /api/users
2026-02-23T05:18:31.715Z [33mwarn[39m: POST /api/users
2026-02-23T05:18:31.722Z [33mwarn[39m: GET /api/users
2026-02-23T05:18:31.729Z [33mwarn[39m: POST /api/users
2026-02-23T05:18:31.732Z [33mwarn[39m: PUT /api/users
2026-02-23T05:18:31.737Z [33mwarn[39m: POST /api/users
2026-02-23T05:18:31.739Z [33mwarn[39m: DELETE /api/users
2026-02-23T05:18:32.535Z [33mwarn[39m: GET /api/products/699be32838216d088f068cd9
2026-02-23T05:18:32.549Z [33mwarn[39m: GET /api/products
2026-02-23T05:18:32.566Z [33mwarn[39m: POST /api/products
2026-02-23T05:18:32.572Z [33mwarn[39m: POST /api/products
2026-02-23T05:18:32.576Z [33mwarn[39m: POST /api/products
2026-02-23T05:18:32.581Z [33mwarn[39m: POST /api/products
2026-02-23T05:18:32.584Z [33mwarn[39m: POST /api/products
2026-02-23T05:18:32.587Z [33mwarn[39m: PUT /api/products/699be32838216d088f068cfd
2026-02-23T05:18:32.595Z [33mwarn[39m: PUT /api/products/c3fe7eb8076e4de58d8d87c5
2026-02-23T05:18:32.600Z [33mwarn[39m: POST /api/products
2026-02-23T05:18:32.603Z [33mwarn[39m: DELETE /api/products/699be32838216d088f068d09
2026-02-23T05:18:32.608Z [33mwarn[39m: DELETE /api/products/6976ee1a24288645366787ac
2026-02-23T05:19:00.247Z [33mwarn[39m: POST /api/users
2026-02-23T05:19:00.263Z [33mwarn[39m: POST /api/users
2026-02-23T05:19:00.267Z [33mwarn[39m: POST /api/users
2026-02-23T05:19:00.272Z [33mwarn[39m: GET /api/users
2026-02-23T05:19:00.279Z [33mwarn[39m: POST /api/users
2026-02-23T05:19:00.282Z [33mwarn[39m: PUT /api/users
2026-02-23T05:19:00.285Z [33mwarn[39m: POST /api/users
2026-02-23T05:19:00.288Z [33mwarn[39m: DELETE /api/users
2026-02-23T05:19:00.902Z [33mwarn[39m: GET /api/products/699be344ce09b2a2b3acc44a
2026-02-23T05:19:00.916Z [33mwarn[39m: GET /api/products
2026-02-23T05:19:00.929Z [33mwarn[39m: POST /api/products
2026-02-23T05:19:00.934Z [33mwarn[39m: POST /api/products
2026-02-23T05:19:00.938Z [33mwarn[39m: POST /api/products
2026-02-23T05:19:00.943Z [33mwarn[39m: POST /api/products
2026-02-23T05:19:00.946Z [33mwarn[39m: POST /api/products
2026-02-23T05:19:00.955Z [33mwarn[39m: PUT /api/products/699be344ce09b2a2b3acc46e
2026-02-23T05:19:00.963Z [33mwarn[39m: PUT /api/products/c3fe7eb8076e4de58d8d87c5
2026-02-23T05:19:00.968Z [33mwarn[39m: POST /api/products
2026-02-23T05:19:00.970Z [33mwarn[39m: DELETE /api/products/699be344ce09b2a2b3acc47a
2026-02-23T05:19:00.975Z [33mwarn[39m: DELETE /api/products/6976ee1a24288645366787ac
2026-02-23T05:19:11.261Z [33mwarn[39m: POST /api/users
2026-02-23T05:19:11.279Z [33mwarn[39m: POST /api/users
2026-02-23T05:19:11.283Z [33mwarn[39m: POST /api/users
2026-02-23T05:19:11.289Z [33mwarn[39m: GET /api/users
2026-02-23T05:19:11.296Z [33mwarn[39m: POST /api/users
2026-02-23T05:19:11.299Z [33mwarn[39m: PUT /api/users
2026-02-23T05:19:11.304Z [33mwarn[39m: POST /api/users
2026-02-23T05:19:11.307Z [33mwarn[39m: DELETE /api/users
2026-02-23T05:19:11.906Z [33mwarn[39m: GET /api/products/699be34f59223b5e1525e45c
2026-02-23T05:19:11.923Z [33mwarn[39m: GET /api/products
2026-02-23T05:19:11.936Z [33mwarn[39m: POST /api/products
2026-02-23T05:19:11.942Z [33mwarn[39m: POST /api/products
2026-02-23T05:19:11.946Z [33mwarn[39m: POST /api/products
2026-02-23T05:19:11.957Z [33mwarn[39m: POST /api/products
2026-02-23T05:19:11.960Z [33mwarn[39m: POST /api/products
2026-02-23T05:19:11.963Z [33mwarn[39m: PUT /api/products/699be34f59223b5e1525e480
2026-02-23T05:19:11.970Z [33mwarn[39m: PUT /api/products/c3fe7eb8076e4de58d8d87c5
2026-02-23T05:19:11.975Z [33mwarn[39m: POST /api/products
2026-02-23T05:19:11.978Z [33mwarn[39m: DELETE /api/products/699be34f59223b5e1525e48c
2026-02-23T05:19:11.982Z [33mwarn[39m: DELETE /api/products/6976ee1a24288645366787ac
2026-02-23T05:19:17.149Z [33mwarn[39m: POST /api/products
2026-02-23T05:23:29.096Z [33mwarn[39m: POST /api/users
2026-02-23T05:23:29.115Z [33mwarn[39m: POST /api/users
2026-02-23T05:23:29.119Z [33mwarn[39m: POST /api/users
2026-02-23T05:23:29.126Z [33mwarn[39m: GET /api/users
2026-02-23T05:23:29.133Z [33mwarn[39m: POST /api/users
2026-02-23T05:23:29.136Z [33mwarn[39m: PUT /api/users
2026-02-23T05:23:29.141Z [33mwarn[39m: POST /api/users
2026-02-23T05:23:29.144Z [33mwarn[39m: DELETE /api/users
2026-02-23T05:23:29.742Z [33mwarn[39m: GET /api/products/699be4516cc73159c1c34239
2026-02-23T05:23:29.756Z [33mwarn[39m: GET /api/products
2026-02-23T05:23:29.765Z [33mwarn[39m: POST /api/products
2026-02-23T05:23:29.776Z [33mwarn[39m: POST /api/products
2026-02-23T05:23:29.781Z [33mwarn[39m: POST /api/products
2026-02-23T05:23:29.785Z [33mwarn[39m: POST /api/products
2026-02-23T05:23:29.789Z [33mwarn[39m: POST /api/products
2026-02-23T05:27:40.333Z [33mwarn[39m: POST /api/users
2026-02-23T05:27:40.352Z [33mwarn[39m: POST /api/users
2026-02-23T05:27:40.356Z [33mwarn[39m: POST /api/users
2026-02-23T05:27:40.366Z [33mwarn[39m: GET /api/users
2026-02-23T05:27:40.379Z [33mwarn[39m: POST /api/users
2026-02-23T05:27:40.382Z [33mwarn[39m: PUT /api/users
2026-02-23T05:27:40.387Z [33mwarn[39m: POST /api/users
2026-02-23T05:27:40.390Z [33mwarn[39m: DELETE /api/users
2026-02-23T05:27:41.063Z [33mwarn[39m: GET /api/products/699be54d29c1205a28d26da9
2026-02-23T05:27:41.077Z [33mwarn[39m: GET /api/products
2026-02-23T05:27:41.087Z [33mwarn[39m: POST /api/products
2026-02-23T05:27:41.104Z [33mwarn[39m: POST /api/products
2026-02-23T05:27:41.108Z [33mwarn[39m: POST /api/products
2026-02-23T05:27:41.113Z [33mwarn[39m: POST /api/products
2026-02-23T05:27:41.116Z [33mwarn[39m: POST /api/products
2026-02-23T05:28:06.841Z [33mwarn[39m: POST /api/users
2026-02-23T05:28:06.858Z [33mwarn[39m: POST /api/users
2026-02-23T05:28:06.862Z [33mwarn[39m: POST /api/users
2026-02-23T05:28:06.868Z [33mwarn[39m: GET /api/users
2026-02-23T05:28:06.874Z [33mwarn[39m: POST /api/users
2026-02-23T05:28:06.877Z [33mwarn[39m: PUT /api/users
2026-02-23T05:28:06.882Z [33mwarn[39m: POST /api/users
2026-02-23T05:28:06.884Z [33mwarn[39m: DELETE /api/users
2026-02-23T05:28:07.531Z [33mwarn[39m: GET /api/products/699be56724c7bf9403d5eec4
2026-02-23T05:28:07.544Z [33mwarn[39m: GET /api/products
2026-02-23T05:28:07.553Z [33mwarn[39m: POST /api/products
2026-02-23T05:28:07.568Z [33mwarn[39m: POST /api/products
2026-02-23T05:28:07.572Z [33mwarn[39m: POST /api/products
2026-02-23T05:28:07.577Z [33mwarn[39m: POST /api/products
2026-02-23T05:28:07.581Z [33mwarn[39m: POST /api/products
2026-02-23T05:32:41.547Z [33mwarn[39m: POST /api/users
2026-02-23T05:32:41.565Z [33mwarn[39m: POST /api/users
2026-02-23T05:32:41.569Z [33mwarn[39m: POST /api/users
2026-02-23T05:32:41.575Z [33mwarn[39m: GET /api/users
2026-02-23T05:32:41.584Z [33mwarn[39m: POST /api/users
2026-02-23T05:32:41.587Z [33mwarn[39m: PUT /api/users
2026-02-23T05:32:41.591Z [33mwarn[39m: POST /api/users
2026-02-23T05:32:41.594Z [33mwarn[39m: DELETE /api/users
2026-02-23T05:32:44.851Z [33mwarn[39m: POST /api/users
2026-02-23T05:32:44.868Z [33mwarn[39m: POST /api/users
2026-02-23T05:32:44.871Z [33mwarn[39m: POST /api/users
2026-02-23T05:32:44.877Z [33mwarn[39m: GET /api/users
2026-02-23T05:32:44.884Z [33mwarn[39m: POST /api/users
2026-02-23T05:32:44.887Z [33mwarn[39m: PUT /api/users
2026-02-23T05:32:44.891Z [33mwarn[39m: POST /api/users
2026-02-23T05:32:44.893Z [33mwarn[39m: DELETE /api/users
2026-02-23T05:32:53.152Z [33mwarn[39m: POST /api/users
2026-02-23T05:32:53.169Z [33mwarn[39m: POST /api/users
2026-02-23T05:32:53.173Z [33mwarn[39m: POST /api/users
2026-02-23T05:32:53.179Z [33mwarn[39m: GET /api/users
2026-02-23T05:32:53.186Z [33mwarn[39m: POST /api/users
2026-02-23T05:32:53.189Z [33mwarn[39m: PUT /api/users
2026-02-23T05:32:53.193Z [33mwarn[39m: POST /api/users
2026-02-23T05:32:53.196Z [33mwarn[39m: DELETE /api/users
2026-02-23T05:32:53.808Z [33mwarn[39m: GET /api/products/699be68566189f8685651bb7
2026-02-23T05:32:53.820Z [33mwarn[39m: GET /api/products
2026-02-23T05:32:53.829Z [33mwarn[39m: POST /api/products
2026-02-23T05:32:53.845Z [33mwarn[39m: POST /api/products
2026-02-23T05:32:53.848Z [33mwarn[39m: POST /api/products
2026-02-23T05:32:53.852Z [33mwarn[39m: POST /api/products
2026-02-23T05:32:53.856Z [33mwarn[39m: POST /api/products
2026-02-23T05:32:55.763Z [33mwarn[39m: POST /api/users
2026-02-23T05:32:55.780Z [33mwarn[39m: POST /api/users
2026-02-23T05:32:55.783Z [33mwarn[39m: POST /api/users
2026-02-23T05:32:55.789Z [33mwarn[39m: GET /api/users
2026-02-23T05:32:55.795Z [33mwarn[39m: POST /api/users
2026-02-23T05:32:55.803Z [33mwarn[39m: PUT /api/users
2026-02-23T05:32:55.807Z [33mwarn[39m: POST /api/users
2026-02-23T05:32:55.810Z [33mwarn[39m: DELETE /api/users
2026-02-23T05:33:00.354Z [33mwarn[39m: POST /api/users
2026-02-23T05:33:00.371Z [33mwarn[39m: POST /api/users
2026-02-23T05:33:00.374Z [33mwarn[39m: POST /api/users
2026-02-23T05:33:00.380Z [33mwarn[39m: GET /api/users
2026-02-23T05:33:00.386Z [33mwarn[39m: POST /api/users
2026-02-23T05:33:00.389Z [33mwarn[39m: PUT /api/users
2026-02-23T05:33:00.392Z [33mwarn[39m: POST /api/users
2026-02-23T05:33:00.395Z [33mwarn[39m: DELETE /api/users
2026-02-23T05:33:01.085Z [33mwarn[39m: GET /api/products/699be68d010475f710edd957
2026-02-23T05:33:01.099Z [33mwarn[39m: GET /api/products
2026-02-23T05:33:01.114Z [33mwarn[39m: POST /api/products
2026-02-23T05:33:01.120Z [33mwarn[39m: POST /api/products
2026-02-23T05:33:01.123Z [33mwarn[39m: POST /api/products
2026-02-23T05:33:01.129Z [33mwarn[39m: POST /api/products
2026-02-23T05:33:01.133Z [33mwarn[39m: POST /api/products
2026-02-23T05:33:01.136Z [33mwarn[39m: PUT /api/products/699be68d010475f710edd97b
2026-02-23T05:33:01.143Z [33mwarn[39m: PUT /api/products/c3fe7eb8076e4de58d8d87c5
2026-02-23T05:33:01.148Z [33mwarn[39m: POST /api/products
2026-02-23T05:33:01.151Z [33mwarn[39m: DELETE /api/products/699be68d010475f710edd987
2026-02-23T05:33:01.155Z [33mwarn[39m: DELETE /api/products/6976ee1a24288645366787ac
2026-02-23T05:33:11.316Z [33mwarn[39m: POST /api/users
2026-02-23T05:33:11.333Z [33mwarn[39m: POST /api/users
2026-02-23T05:33:11.336Z [33mwarn[39m: POST /api/users
2026-02-23T05:33:11.341Z [33mwarn[39m: GET /api/users
2026-02-23T05:33:11.348Z [33mwarn[39m: POST /api/users
2026-02-23T05:33:11.351Z [33mwarn[39m: PUT /api/users
2026-02-23T05:33:11.354Z [33mwarn[39m: POST /api/users
2026-02-23T05:33:11.356Z [33mwarn[39m: DELETE /api/users
2026-02-23T05:33:50.166Z [33mwarn[39m: POST /api/users
2026-02-23T05:33:50.188Z [33mwarn[39m: POST /api/users
2026-02-23T05:33:50.193Z [33mwarn[39m: POST /api/users
2026-02-23T05:33:50.208Z [33mwarn[39m: GET /api/users
2026-02-23T05:33:50.217Z [33mwarn[39m: POST /api/users
2026-02-23T05:33:50.220Z [33mwarn[39m: PUT /api/users
2026-02-23T05:33:50.224Z [33mwarn[39m: POST /api/users
2026-02-23T05:33:50.227Z [33mwarn[39m: DELETE /api/users
2026-02-23T05:33:50.964Z [33mwarn[39m: GET /api/products/699be6beae5ae9567eef1634
2026-02-23T05:33:50.978Z [33mwarn[39m: GET /api/products
2026-02-23T05:33:50.992Z [33mwarn[39m: POST /api/products
2026-02-23T05:33:50.998Z [33mwarn[39m: POST /api/products
2026-02-23T05:33:51.001Z [33mwarn[39m: POST /api/products
2026-02-23T05:33:51.007Z [33mwarn[39m: POST /api/products
2026-02-23T05:33:51.012Z [33mwarn[39m: POST /api/products
2026-02-23T05:33:51.016Z [33mwarn[39m: PUT /api/products/699be6bfae5ae9567eef1658
2026-02-23T05:33:51.023Z [33mwarn[39m: PUT /api/products/c3fe7eb8076e4de58d8d87c5
2026-02-23T05:33:51.029Z [33mwarn[39m: POST /api/products
2026-02-23T05:33:51.033Z [33mwarn[39m: DELETE /api/products/699be6bfae5ae9567eef1664
2026-02-23T05:33:51.038Z [33mwarn[39m: DELETE /api/products/6976ee1a24288645366787ac
2026-02-23T05:34:01.153Z [33mwarn[39m: POST /api/users
2026-02-23T05:34:01.169Z [33mwarn[39m: POST /api/users
2026-02-23T05:34:01.173Z [33mwarn[39m: POST /api/users
2026-02-23T05:34:01.178Z [33mwarn[39m: GET /api/users
2026-02-23T05:34:01.195Z [33mwarn[39m: POST /api/users
2026-02-23T05:34:01.199Z [33mwarn[39m: PUT /api/users
2026-02-23T05:34:01.202Z [33mwarn[39m: POST /api/users
2026-02-23T05:34:01.205Z [33mwarn[39m: DELETE /api/users
2026-02-23T05:34:21.105Z [33mwarn[39m: POST /api/users
2026-02-23T05:34:21.123Z [33mwarn[39m: POST /api/users
2026-02-23T05:34:21.127Z [33mwarn[39m: POST /api/users
2026-02-23T05:34:21.133Z [33mwarn[39m: GET /api/users
2026-02-23T05:34:21.139Z [33mwarn[39m: POST /api/users
2026-02-23T05:34:21.142Z [33mwarn[39m: PUT /api/users
2026-02-23T05:34:21.147Z [33mwarn[39m: POST /api/users
2026-02-23T05:34:21.149Z [33mwarn[39m: DELETE /api/users
2026-02-23T05:34:55.447Z [33mwarn[39m: POST /api/users
2026-02-23T05:34:55.464Z [33mwarn[39m: POST /api/users
2026-02-23T05:34:55.468Z [33mwarn[39m: POST /api/users
2026-02-23T05:34:55.473Z [33mwarn[39m: GET /api/users
2026-02-23T05:34:55.480Z [33mwarn[39m: POST /api/users
2026-02-23T05:34:55.483Z [33mwarn[39m: PUT /api/users
2026-02-23T05:34:55.487Z [33mwarn[39m: POST /api/users
2026-02-23T05:34:55.489Z [33mwarn[39m: DELETE /api/users
2026-02-23T05:34:56.173Z [33mwarn[39m: GET /api/products/699be700ae1d6975245d913e
2026-02-23T05:34:56.187Z [33mwarn[39m: GET /api/products
2026-02-23T05:34:56.196Z [33mwarn[39m: POST /api/products
2026-02-23T05:34:56.212Z [33mwarn[39m: POST /api/products
2026-02-23T05:34:56.216Z [33mwarn[39m: POST /api/products
2026-02-23T05:34:56.220Z [33mwarn[39m: POST /api/products
2026-02-23T05:34:56.224Z [33mwarn[39m: POST /api/products
2026-02-23T05:36:43.219Z [33mwarn[39m: POST /api/users
2026-02-23T05:36:43.236Z [33mwarn[39m: POST /api/users
2026-02-23T05:36:43.240Z [33mwarn[39m: POST /api/users
2026-02-23T05:36:43.246Z [33mwarn[39m: GET /api/users
2026-02-23T05:36:43.253Z [33mwarn[39m: POST /api/users
2026-02-23T05:36:43.259Z [33mwarn[39m: PUT /api/users
2026-02-23T05:36:43.264Z [33mwarn[39m: POST /api/users
2026-02-23T05:36:43.266Z [33mwarn[39m: DELETE /api/users
2026-02-23T05:36:43.942Z [33mwarn[39m: GET /api/products/699be76b38af7343ecf705b9
2026-02-23T05:36:43.964Z [33mwarn[39m: GET /api/products
2026-02-23T05:36:43.974Z [33mwarn[39m: POST /api/products
2026-02-23T05:36:43.986Z [33mwarn[39m: POST /api/products
2026-02-23T05:36:43.990Z [33mwarn[39m: POST /api/products
2026-02-23T05:36:43.996Z [33mwarn[39m: POST /api/products
2026-02-23T05:36:44.001Z [33mwarn[39m: POST /api/products
2026-02-23T05:36:59.623Z [33mwarn[39m: POST /api/users
2026-02-23T05:36:59.643Z [33mwarn[39m: POST /api/users
2026-02-23T05:36:59.647Z [33mwarn[39m: POST /api/users
2026-02-23T05:36:59.654Z [33mwarn[39m: GET /api/users
2026-02-23T05:36:59.661Z [33mwarn[39m: POST /api/users
2026-02-23T05:36:59.665Z [33mwarn[39m: PUT /api/users
2026-02-23T05:36:59.669Z [33mwarn[39m: POST /api/users
2026-02-23T05:36:59.672Z [33mwarn[39m: DELETE /api/users
2026-02-23T05:37:00.291Z [33mwarn[39m: GET /api/products/699be77cc532c3b84e30c6ee
2026-02-23T05:37:00.306Z [33mwarn[39m: GET /api/products
2026-02-23T05:37:00.316Z [33mwarn[39m: POST /api/products
2026-02-23T05:37:00.327Z [33mwarn[39m: POST /api/products
2026-02-23T05:37:00.332Z [33mwarn[39m: POST /api/products
2026-02-23T05:37:00.336Z [33mwarn[39m: POST /api/products
2026-02-23T05:37:00.340Z [33mwarn[39m: POST /api/products
2026-02-23T05:38:39.043Z [33mwarn[39m: POST /api/users
2026-02-23T05:38:39.353Z [33mwarn[39m: POST /api/users
2026-02-23T05:38:39.384Z [33mwarn[39m: POST /api/users
2026-02-23T05:38:39.473Z [33mwarn[39m: GET /api/users
2026-02-23T05:38:39.524Z [33mwarn[39m: POST /api/users
2026-02-23T05:38:39.539Z [33mwarn[39m: PUT /api/users
2026-02-23T05:38:39.655Z [33mwarn[39m: POST /api/users
2026-02-23T05:38:39.670Z [33mwarn[39m: DELETE /api/users
2026-02-23T05:38:41.573Z [33mwarn[39m: GET /api/products/699be7e1743c0f6686e34a51
2026-02-23T05:38:41.596Z [33mwarn[39m: GET /api/products
2026-02-23T05:38:41.610Z [33mwarn[39m: POST /api/products
2026-02-23T05:38:41.624Z [33mwarn[39m: POST /api/products
2026-02-23T05:38:41.640Z [33mwarn[39m: POST /api/products
2026-02-23T05:38:41.648Z [33mwarn[39m: POST /api/products
2026-02-23T05:38:41.655Z [33mwarn[39m: POST /api/products
2026-02-23T05:38:42.783Z [33mwarn[39m: POST /api/users
2026-02-23T05:38:42.806Z [33mwarn[39m: POST /api/users
2026-02-23T05:38:42.811Z [33mwarn[39m: POST /api/users
2026-02-23T05:38:42.819Z [33mwarn[39m: GET /api/users
2026-02-23T05:38:42.828Z [33mwarn[39m: POST /api/users
2026-02-23T05:38:42.833Z [33mwarn[39m: PUT /api/users
2026-02-23T05:38:42.840Z [33mwarn[39m: POST /api/users
2026-02-23T05:38:42.845Z [33mwarn[39m: DELETE /api/users
2026-02-23T05:38:43.704Z [33mwarn[39m: GET /api/products/699be7e30f19ea3f9595a614
2026-02-23T05:38:43.717Z [33mwarn[39m: GET /api/products
2026-02-23T05:38:43.725Z [33mwarn[39m: POST /api/products
2026-02-23T05:38:43.735Z [33mwarn[39m: POST /api/products
2026-02-23T05:38:43.738Z [33mwarn[39m: POST /api/products
2026-02-23T05:38:43.742Z [33mwarn[39m: POST /api/products
2026-02-23T05:38:43.747Z [33mwarn[39m: POST /api/products
2026-02-23T05:39:17.292Z [33mwarn[39m: POST /api/users
2026-02-23T05:39:17.311Z [33mwarn[39m: POST /api/users
2026-02-23T05:39:17.315Z [33mwarn[39m: POST /api/users
2026-02-23T05:39:17.321Z [33mwarn[39m: GET /api/users
2026-02-23T05:39:17.329Z [33mwarn[39m: POST /api/users
2026-02-23T05:39:17.332Z [33mwarn[39m: PUT /api/users
2026-02-23T05:39:17.336Z [33mwarn[39m: POST /api/users
2026-02-23T05:39:17.339Z [33mwarn[39m: DELETE /api/users
2026-02-23T05:39:17.938Z [33mwarn[39m: GET /api/products/699be805746db362babc1513
2026-02-23T05:39:17.952Z [33mwarn[39m: GET /api/products
2026-02-23T05:39:17.962Z [33mwarn[39m: POST /api/products
2026-02-23T05:39:17.972Z [33mwarn[39m: POST /api/products
2026-02-23T05:39:17.976Z [33mwarn[39m: POST /api/products
2026-02-23T05:39:17.981Z [33mwarn[39m: POST /api/products
2026-02-23T05:39:17.985Z [33mwarn[39m: POST /api/products
2026-02-23T05:39:41.658Z [33mwarn[39m: POST /api/users
2026-02-23T05:39:41.677Z [33mwarn[39m: POST /api/users
2026-02-23T05:39:41.681Z [33mwarn[39m: POST /api/users
2026-02-23T05:39:41.686Z [33mwarn[39m: GET /api/users
2026-02-23T05:39:41.695Z [33mwarn[39m: POST /api/users
2026-02-23T05:39:41.698Z [33mwarn[39m: PUT /api/users
2026-02-23T05:39:41.703Z [33mwarn[39m: POST /api/users
2026-02-23T05:39:41.705Z [33mwarn[39m: DELETE /api/users
2026-02-23T05:39:42.322Z [33mwarn[39m: GET /api/products/699be81e2a69412f5f5df09d
2026-02-23T05:39:42.338Z [33mwarn[39m: GET /api/products
2026-02-23T05:39:42.348Z [33mwarn[39m: POST /api/products
2026-02-23T05:39:42.358Z [33mwarn[39m: POST /api/products
2026-02-23T05:39:42.362Z [33mwarn[39m: POST /api/products
2026-02-23T05:39:42.367Z [33mwarn[39m: POST /api/products
2026-02-23T05:39:42.371Z [33mwarn[39m: POST /api/products
2026-02-23T05:39:49.822Z [33mwarn[39m: GET /api/products/699be825da0e79cbf42298b3
2026-02-23T05:39:49.834Z [33mwarn[39m: GET /api/products
2026-02-23T05:39:49.843Z [33mwarn[39m: POST /api/products
2026-02-23T05:39:49.853Z [33mwarn[39m: POST /api/products
2026-02-23T05:39:49.857Z [33mwarn[39m: POST /api/products
2026-02-23T05:39:49.861Z [33mwarn[39m: POST /api/products
2026-02-23T05:39:49.865Z [33mwarn[39m: POST /api/products
2026-02-23T05:41:56.758Z [33mwarn[39m: POST /api/users
2026-02-23T05:41:56.777Z [33mwarn[39m: POST /api/users
2026-02-23T05:41:56.780Z [33mwarn[39m: POST /api/users
2026-02-23T05:41:56.786Z [33mwarn[39m: GET /api/users
2026-02-23T05:41:56.793Z [33mwarn[39m: POST /api/users
2026-02-23T05:41:56.797Z [33mwarn[39m: PUT /api/users
2026-02-23T05:41:56.801Z [33mwarn[39m: POST /api/users
2026-02-23T05:41:56.804Z [33mwarn[39m: DELETE /api/users
2026-02-23T05:41:57.408Z [33mwarn[39m: GET /api/products/699be8a530e4292c4001a6e0
2026-02-23T05:41:57.422Z [33mwarn[39m: GET /api/products
2026-02-23T05:41:57.431Z [33mwarn[39m: POST /api/products
2026-02-23T05:41:57.442Z [33mwarn[39m: POST /api/products
2026-02-23T05:41:57.448Z [33mwarn[39m: POST /api/products
2026-02-23T05:41:57.452Z [33mwarn[39m: POST /api/products
2026-02-23T05:41:57.456Z [33mwarn[39m: POST /api/products
2026-02-23T05:42:18.487Z [33mwarn[39m: POST /api/users
2026-02-23T05:42:18.505Z [33mwarn[39m: POST /api/users
2026-02-23T05:42:18.509Z [33mwarn[39m: POST /api/users
2026-02-23T05:42:18.514Z [33mwarn[39m: GET /api/users
2026-02-23T05:42:18.521Z [33mwarn[39m: POST /api/users
2026-02-23T05:42:18.525Z [33mwarn[39m: PUT /api/users
2026-02-23T05:42:18.529Z [33mwarn[39m: POST /api/users
2026-02-23T05:42:18.532Z [33mwarn[39m: DELETE /api/users
2026-02-23T05:42:19.118Z [33mwarn[39m: GET /api/products/699be8bb764ca3aaf0c2358b
2026-02-23T05:42:19.132Z [33mwarn[39m: GET /api/products
2026-02-23T05:42:19.141Z [33mwarn[39m: POST /api/products
2026-02-23T05:42:19.151Z [33mwarn[39m: POST /api/products
2026-02-23T05:42:19.155Z [33mwarn[39m: POST /api/products
2026-02-23T05:42:19.159Z [33mwarn[39m: POST /api/products
2026-02-23T05:42:19.164Z [33mwarn[39m: POST /api/products
2026-02-23T05:45:06.875Z [33mwarn[39m: POST /api/users
2026-02-23T05:45:06.894Z [33mwarn[39m: POST /api/users
2026-02-23T05:45:06.898Z [33mwarn[39m: POST /api/users
2026-02-23T05:45:06.904Z [33mwarn[39m: GET /api/users
2026-02-23T05:45:06.912Z [33mwarn[39m: POST /api/users
2026-02-23T05:45:06.915Z [33mwarn[39m: PUT /api/users
2026-02-23T05:45:06.920Z [33mwarn[39m: POST /api/users
2026-02-23T05:45:06.922Z [33mwarn[39m: DELETE /api/users
2026-02-23T05:45:07.670Z [33mwarn[39m: GET /api/products/699be9635d878dcfd29488c6
2026-02-23T05:45:07.684Z [33mwarn[39m: GET /api/products
2026-02-23T05:45:07.693Z [33mwarn[39m: POST /api/products
2026-02-23T05:45:07.705Z [33mwarn[39m: POST /api/products
2026-02-23T05:45:07.708Z [33mwarn[39m: POST /api/products
2026-02-23T05:45:07.714Z [33mwarn[39m: POST /api/products
2026-02-23T05:45:07.718Z [33mwarn[39m: POST /api/products
2026-02-23T05:46:20.491Z [33mwarn[39m: POST /api/users
2026-02-23T05:46:20.514Z [33mwarn[39m: POST /api/users
2026-02-23T05:46:20.518Z [33mwarn[39m: POST /api/users
2026-02-23T05:46:20.524Z [33mwarn[39m: GET /api/users
2026-02-23T05:46:20.531Z [33mwarn[39m: POST /api/users
2026-02-23T05:46:20.534Z [33mwarn[39m: PUT /api/users
2026-02-23T05:46:20.538Z [33mwarn[39m: POST /api/users
2026-02-23T05:46:20.541Z [33mwarn[39m: DELETE /api/users
2026-02-23T05:46:21.315Z [33mwarn[39m: GET /api/products/699be9ad81cb73166f310800
2026-02-23T05:46:21.333Z [33mwarn[39m: GET /api/products
2026-02-23T05:46:21.344Z [33mwarn[39m: POST /api/products
2026-02-23T05:46:21.350Z [33mwarn[39m: POST /api/products
2026-02-23T05:46:21.358Z [33mwarn[39m: POST /api/products
2026-02-23T05:46:21.363Z [33mwarn[39m: POST /api/products
2026-02-23T05:46:21.368Z [33mwarn[39m: POST /api/products
2026-02-23T05:46:33.974Z [33mwarn[39m: POST /api/users
2026-02-23T05:46:33.994Z [33mwarn[39m: POST /api/users
2026-02-23T05:46:33.999Z [33mwarn[39m: POST /api/users
2026-02-23T05:46:34.006Z [33mwarn[39m: GET /api/users
2026-02-23T05:46:34.014Z [33mwarn[39m: POST /api/users
2026-02-23T05:46:34.017Z [33mwarn[39m: PUT /api/users
2026-02-23T05:46:34.022Z [33mwarn[39m: POST /api/users
2026-02-23T05:46:34.024Z [33mwarn[39m: DELETE /api/users
2026-02-23T05:46:34.629Z [33mwarn[39m: GET /api/products/699be9ba6432fe6387e9ca3d
2026-02-23T05:46:34.642Z [33mwarn[39m: GET /api/products
2026-02-23T05:46:34.651Z [33mwarn[39m: POST /api/products
2026-02-23T05:46:34.656Z [33mwarn[39m: POST /api/products
2026-02-23T05:46:34.660Z [33mwarn[39m: POST /api/products
2026-02-23T05:46:34.664Z [33mwarn[39m: POST /api/products
2026-02-23T05:46:34.668Z [33mwarn[39m: POST /api/products
2026-02-23T05:47:49.278Z [33mwarn[39m: POST /api/users
2026-02-23T05:47:49.301Z [33mwarn[39m: POST /api/users
2026-02-23T05:47:49.306Z [33mwarn[39m: POST /api/users
2026-02-23T05:47:49.319Z [33mwarn[39m: GET /api/users
2026-02-23T05:47:49.330Z [33mwarn[39m: POST /api/users
2026-02-23T05:47:49.333Z [33mwarn[39m: PUT /api/users
2026-02-23T05:47:49.339Z [33mwarn[39m: POST /api/users
2026-02-23T05:47:49.342Z [33mwarn[39m: DELETE /api/users
2026-02-23T05:47:50.025Z [33mwarn[39m: GET /api/products/699bea06a9b5cbaa74ace440
2026-02-23T05:47:50.039Z [33mwarn[39m: GET /api/products
2026-02-23T05:47:50.049Z [33mwarn[39m: POST /api/products
2026-02-23T05:47:50.053Z [33mwarn[39m: POST /api/products
2026-02-23T05:47:50.057Z [33mwarn[39m: POST /api/products
2026-02-23T05:47:50.061Z [33mwarn[39m: POST /api/products
2026-02-23T05:47:50.066Z [33mwarn[39m: POST /api/products
2026-02-23T05:48:14.740Z [33mwarn[39m: POST /api/users
2026-02-23T05:48:14.759Z [33mwarn[39m: POST /api/users
2026-02-23T05:48:14.763Z [33mwarn[39m: POST /api/users
2026-02-23T05:48:14.769Z [33mwarn[39m: GET /api/users
2026-02-23T05:48:14.776Z [33mwarn[39m: POST /api/users
2026-02-23T05:48:14.779Z [33mwarn[39m: PUT /api/users
2026-02-23T05:48:14.784Z [33mwarn[39m: POST /api/users
2026-02-23T05:48:14.786Z [33mwarn[39m: DELETE /api/users
2026-02-23T05:48:15.398Z [33mwarn[39m: GET /api/products/699bea1faf1e1eeb342a5e94
2026-02-23T05:48:15.412Z [33mwarn[39m: GET /api/products
2026-02-23T05:48:15.421Z [33mwarn[39m: POST /api/products
2026-02-23T05:48:15.426Z [33mwarn[39m: POST /api/products
2026-02-23T05:48:15.430Z [33mwarn[39m: POST /api/products
2026-02-23T05:48:15.434Z [33mwarn[39m: POST /api/products
2026-02-23T05:48:15.438Z [33mwarn[39m: POST /api/products
2026-02-23T05:48:23.260Z [33mwarn[39m: GET /api/products/699bea27d934d859c1e79417
2026-02-23T05:48:23.273Z [33mwarn[39m: GET /api/products
2026-02-23T05:48:23.283Z [33mwarn[39m: POST /api/products
2026-02-23T05:48:23.287Z [33mwarn[39m: POST /api/products
2026-02-23T05:48:23.291Z [33mwarn[39m: POST /api/products
2026-02-23T05:48:23.295Z [33mwarn[39m: POST /api/products
2026-02-23T05:48:23.299Z [33mwarn[39m: POST /api/products
2026-02-23T05:49:42.069Z [33mwarn[39m: GET /api/products/699bea765e85f61a304447f6
2026-02-23T05:49:42.088Z [33mwarn[39m: GET /api/products
2026-02-23T05:49:42.101Z [33mwarn[39m: POST /api/products
2026-02-23T05:49:42.107Z [33mwarn[39m: POST /api/products
2026-02-23T05:49:42.117Z [33mwarn[39m: POST /api/products
2026-02-23T05:49:42.125Z [33mwarn[39m: POST /api/products
2026-02-23T05:49:42.129Z [33mwarn[39m: POST /api/products
2026-02-23T05:49:57.425Z [33mwarn[39m: GET /api/products/699bea85f10f5bce5a26515f
2026-02-23T05:49:57.439Z [33mwarn[39m: GET /api/products
2026-02-23T05:49:57.450Z [33mwarn[39m: POST /api/products
2026-02-23T05:49:57.454Z [33mwarn[39m: POST /api/products
2026-02-23T05:49:57.458Z [33mwarn[39m: POST /api/products
2026-02-23T05:49:57.462Z [33mwarn[39m: POST /api/products
2026-02-23T05:49:57.466Z [33mwarn[39m: POST /api/products
2026-02-23T05:49:57.469Z [33mwarn[39m: POST /api/products
2026-02-23T05:49:57.483Z [33mwarn[39m: POST /api/products
2026-02-23T05:49:57.491Z [33mwarn[39m: POST /api/products
2026-02-23T05:49:57.495Z [33mwarn[39m: POST /api/products
2026-02-23T05:49:57.500Z [33mwarn[39m: POST /api/products
2026-02-23T05:49:57.504Z [33mwarn[39m: POST /api/products
2026-02-23T05:49:57.506Z [33mwarn[39m: PUT /api/products/699bea85f10f5bce5a2651a2
2026-02-23T05:49:57.513Z [33mwarn[39m: POST /api/products
2026-02-23T05:49:57.515Z [33mwarn[39m: DELETE /api/products/699bea85f10f5bce5a2651a9
2026-02-23T05:49:57.520Z [33mwarn[39m: PUT /api/products/c3fe7eb8076e4de58d8d87c5
2026-02-23T05:49:57.524Z [33mwarn[39m: DELETE /api/products/6976e898854bf6d42c512e48
2026-02-23T05:50:18.986Z [33mwarn[39m: GET /api/products/699bea9aa1da5a55a916382e
2026-02-23T05:50:19.009Z [33mwarn[39m: GET /api/products
2026-02-23T05:50:19.024Z [33mwarn[39m: POST /api/products
2026-02-23T05:50:19.031Z [33mwarn[39m: POST /api/products
2026-02-23T05:50:19.035Z [33mwarn[39m: POST /api/products
2026-02-23T05:50:19.039Z [33mwarn[39m: POST /api/products
2026-02-23T05:50:19.043Z [33mwarn[39m: POST /api/products
2026-02-23T05:50:19.049Z [33mwarn[39m: POST /api/products
2026-02-23T05:50:19.070Z [33mwarn[39m: POST /api/products
2026-02-23T05:50:19.076Z [33mwarn[39m: POST /api/products
2026-02-23T05:50:19.080Z [33mwarn[39m: POST /api/products
2026-02-23T05:50:19.085Z [33mwarn[39m: POST /api/products
2026-02-23T05:50:19.089Z [33mwarn[39m: POST /api/products
2026-02-23T05:50:19.092Z [33mwarn[39m: PUT /api/products/699bea9ba1da5a55a9163871
2026-02-23T05:50:19.100Z [33mwarn[39m: POST /api/products
2026-02-23T05:50:19.102Z [33mwarn[39m: DELETE /api/products/699bea9ba1da5a55a9163878
2026-02-23T05:50:19.108Z [33mwarn[39m: PUT /api/products/c3fe7eb8076e4de58d8d87c5
2026-02-23T05:50:19.113Z [33mwarn[39m: DELETE /api/products/6976e898854bf6d42c512e48
2026-02-23T05:50:20.913Z [33mwarn[39m: GET /api/products/699bea9cc1a5b6155399962f
2026-02-23T05:50:20.932Z [33mwarn[39m: GET /api/products
2026-02-23T05:50:20.944Z [33mwarn[39m: POST /api/products
2026-02-23T05:50:20.950Z [33mwarn[39m: POST /api/products
2026-02-23T05:50:20.955Z [33mwarn[39m: POST /api/products
2026-02-23T05:50:20.960Z [33mwarn[39m: POST /api/products
2026-02-23T05:50:20.965Z [33mwarn[39m: POST /api/products
2026-02-23T05:50:20.971Z [33mwarn[39m: POST /api/products
2026-02-23T05:50:20.988Z [33mwarn[39m: POST /api/products
2026-02-23T05:50:20.993Z [33mwarn[39m: POST /api/products
2026-02-23T05:50:20.997Z [33mwarn[39m: POST /api/products
2026-02-23T05:50:21.002Z [33mwarn[39m: POST /api/products
2026-02-23T05:50:21.008Z [33mwarn[39m: POST /api/products
2026-02-23T05:50:21.011Z [33mwarn[39m: PUT /api/products/699bea9dc1a5b61553999672
2026-02-23T05:50:21.018Z [33mwarn[39m: POST /api/products
2026-02-23T05:50:21.024Z [33mwarn[39m: DELETE /api/products/699bea9dc1a5b61553999679
2026-02-23T05:50:21.031Z [33mwarn[39m: PUT /api/products/c3fe7eb8076e4de58d8d87c5
2026-02-23T05:50:21.036Z [33mwarn[39m: DELETE /api/products/6976e898854bf6d42c512e48
2026-02-23T05:50:53.094Z [33mwarn[39m: GET /api/products/699beabd7dc35c68bd10891f
2026-02-23T05:50:53.277Z [33mwarn[39m: GET /api/products
2026-02-23T05:50:53.298Z [33mwarn[39m: POST /api/products
2026-02-23T05:50:53.314Z [33mwarn[39m: POST /api/products
2026-02-23T05:50:53.319Z [33mwarn[39m: POST /api/products
2026-02-23T05:50:53.326Z [33mwarn[39m: POST /api/products
2026-02-23T05:50:53.333Z [33mwarn[39m: POST /api/products
2026-02-23T05:50:53.342Z [33mwarn[39m: POST /api/products
2026-02-23T05:50:53.356Z [33mwarn[39m: POST /api/products
2026-02-23T05:50:53.364Z [33mwarn[39m: POST /api/products
2026-02-23T05:50:53.367Z [33mwarn[39m: POST /api/products
2026-02-23T05:50:53.373Z [33mwarn[39m: POST /api/products
2026-02-23T05:50:53.377Z [33mwarn[39m: POST /api/products
2026-02-23T05:50:53.381Z [33mwarn[39m: PUT /api/products/699beabd7dc35c68bd108962
2026-02-23T05:50:53.392Z [33mwarn[39m: POST /api/products
2026-02-23T05:50:53.396Z [33mwarn[39m: DELETE /api/products/699beabd7dc35c68bd108969
2026-02-23T05:50:53.402Z [33mwarn[39m: PUT /api/products/c3fe7eb8076e4de58d8d87c5
2026-02-23T05:50:53.407Z [33mwarn[39m: DELETE /api/products/6976e898854bf6d42c512e48
2026-03-02T03:44:16.435Z [33mwarn[39m: POST /api/users
2026-03-02T03:44:16.455Z [33mwarn[39m: POST /api/users
2026-03-02T03:44:16.459Z [33mwarn[39m: POST /api/users
2026-03-02T03:44:16.465Z [33mwarn[39m: GET /api/users
2026-03-02T03:44:16.473Z [33mwarn[39m: POST /api/users
2026-03-02T03:44:16.476Z [33mwarn[39m: PUT /api/users
2026-03-02T03:44:16.481Z [33mwarn[39m: POST /api/users
2026-03-02T03:44:16.483Z [33mwarn[39m: DELETE /api/users
2026-03-02T03:44:17.174Z [33mwarn[39m: GET /api/products/69a50791a016a368356e3f60
2026-03-02T03:44:17.189Z [33mwarn[39m: GET /api/products
2026-03-02T03:44:17.199Z [33mwarn[39m: POST /api/products
2026-03-02T03:44:17.204Z [33mwarn[39m: POST /api/products
2026-03-02T03:44:17.208Z [33mwarn[39m: POST /api/products
2026-03-02T03:44:17.213Z [33mwarn[39m: POST /api/products
2026-03-02T03:44:17.217Z [33mwarn[39m: POST /api/products
2026-03-02T03:44:17.221Z [33mwarn[39m: POST /api/products
2026-03-02T03:44:17.233Z [33mwarn[39m: POST /api/products
2026-03-02T03:44:17.238Z [33mwarn[39m: POST /api/products
2026-03-02T03:44:17.241Z [33mwarn[39m: POST /api/products
2026-03-02T03:44:17.247Z [33mwarn[39m: POST /api/products
2026-03-02T03:44:17.251Z [33mwarn[39m: POST /api/products
2026-03-02T03:44:17.254Z [33mwarn[39m: PUT /api/products/69a50791a016a368356e3faf
2026-03-02T03:44:17.261Z [33mwarn[39m: POST /api/products
2026-03-02T03:44:17.263Z [33mwarn[39m: DELETE /api/products/69a50791a016a368356e3fb7
2026-03-02T03:44:17.268Z [33mwarn[39m: PUT /api/products/c3fe7eb8076e4de58d8d87c5
2026-03-02T03:44:17.272Z [33mwarn[39m: DELETE /api/products/6976e898854bf6d42c512e48
2026-03-02T03:48:04.091Z [33mwarn[39m: POST /api/users
2026-03-02T03:48:04.109Z [33mwarn[39m: POST /api/users
2026-03-02T03:48:04.113Z [33mwarn[39m: POST /api/users
2026-03-02T03:48:04.120Z [33mwarn[39m: GET /api/users
2026-03-02T03:48:04.127Z [33mwarn[39m: POST /api/users
2026-03-02T03:48:04.130Z [33mwarn[39m: PUT /api/users
2026-03-02T03:48:04.134Z [33mwarn[39m: POST /api/users
2026-03-02T03:48:04.136Z [33mwarn[39m: DELETE /api/users
2026-03-02T03:48:04.798Z [33mwarn[39m: GET /api/products/69a50874c71f47741cdb33c5
2026-03-02T03:48:04.812Z [33mwarn[39m: GET /api/products
2026-03-02T03:48:04.821Z [33mwarn[39m: POST /api/products
2026-03-02T03:48:04.827Z [33mwarn[39m: POST /api/products
2026-03-02T03:48:04.831Z [33mwarn[39m: POST /api/products
2026-03-02T03:48:04.842Z [33mwarn[39m: POST /api/products
2026-03-02T03:48:04.846Z [33mwarn[39m: POST /api/products
2026-03-02T03:48:04.850Z [33mwarn[39m: POST /api/products
2026-03-02T03:48:04.859Z [33mwarn[39m: POST /api/products
2026-03-02T03:48:04.865Z [33mwarn[39m: POST /api/products
2026-03-02T03:48:04.867Z [33mwarn[39m: POST /api/products
2026-03-02T03:48:04.872Z [33mwarn[39m: POST /api/products
2026-03-02T03:48:04.876Z [33mwarn[39m: POST /api/products
2026-03-02T03:48:04.879Z [33mwarn[39m: PUT /api/products/69a50874c71f47741cdb3414
2026-03-02T03:48:04.885Z [33mwarn[39m: POST /api/products
2026-03-02T03:48:04.887Z [33mwarn[39m: DELETE /api/products/69a50874c71f47741cdb341c
2026-03-02T03:48:04.892Z [33mwarn[39m: PUT /api/products/c3fe7eb8076e4de58d8d87c5
2026-03-02T03:48:04.896Z [33mwarn[39m: DELETE /api/products/6976e898854bf6d42c512e48
2026-03-02T03:48:06.506Z [33mwarn[39m: POST /api/users
2026-03-02T03:48:06.527Z [33mwarn[39m: POST /api/users
2026-03-02T03:48:06.530Z [33mwarn[39m: POST /api/users
2026-03-02T03:48:06.538Z [33mwarn[39m: GET /api/users
2026-03-02T03:48:06.547Z [33mwarn[39m: POST /api/users
2026-03-02T03:48:06.551Z [33mwarn[39m: PUT /api/users
2026-03-02T03:48:06.557Z [33mwarn[39m: POST /api/users
2026-03-02T03:48:06.561Z [33mwarn[39m: DELETE /api/users
2026-03-02T03:48:07.374Z [33mwarn[39m: GET /api/products/69a5087753c797d5d4fbcaa1
2026-03-02T03:48:07.393Z [33mwarn[39m: GET /api/products
2026-03-02T03:48:07.405Z [33mwarn[39m: POST /api/products
2026-03-02T03:48:07.412Z [33mwarn[39m: POST /api/products
2026-03-02T03:48:07.418Z [33mwarn[39m: POST /api/products
2026-03-02T03:48:07.423Z [33mwarn[39m: POST /api/products
2026-03-02T03:48:07.427Z [33mwarn[39m: POST /api/products
2026-03-02T03:48:07.433Z [33mwarn[39m: POST /api/products
2026-03-02T03:48:07.445Z [33mwarn[39m: POST /api/products
2026-03-02T03:48:07.451Z [33mwarn[39m: POST /api/products
2026-03-02T03:48:07.454Z [33mwarn[39m: POST /api/products
2026-03-02T03:48:07.460Z [33mwarn[39m: POST /api/products
2026-03-02T03:48:07.465Z [33mwarn[39m: POST /api/products
2026-03-02T03:48:07.468Z [33mwarn[39m: PUT /api/products/69a5087753c797d5d4fbcaed
2026-03-02T03:48:07.480Z [33mwarn[39m: POST /api/products
2026-03-02T03:48:07.483Z [33mwarn[39m: DELETE /api/products/69a5087753c797d5d4fbcaf5
2026-03-02T03:48:07.490Z [33mwarn[39m: PUT /api/products/c3fe7eb8076e4de58d8d87c5
2026-03-02T03:48:07.496Z [33mwarn[39m: DELETE /api/products/6976e898854bf6d42c512e48
2026-03-02T03:48:08.845Z [33mwarn[39m: POST /api/users
2026-03-02T03:48:08.866Z [33mwarn[39m: POST /api/users
2026-03-02T03:48:08.870Z [33mwarn[39m: POST /api/users
2026-03-02T03:48:08.876Z [33mwarn[39m: GET /api/users
2026-03-02T03:48:08.884Z [33mwarn[39m: POST /api/users
2026-03-02T03:48:08.886Z [33mwarn[39m: PUT /api/users
2026-03-02T03:48:08.890Z [33mwarn[39m: POST /api/users
2026-03-02T03:48:08.893Z [33mwarn[39m: DELETE /api/users
2026-03-02T03:48:09.505Z [33mwarn[39m: GET /api/products/69a508797818ade19de4de27
2026-03-02T03:48:09.520Z [33mwarn[39m: GET /api/products
2026-03-02T03:48:09.529Z [33mwarn[39m: POST /api/products
2026-03-02T03:48:09.534Z [33mwarn[39m: POST /api/products
2026-03-02T03:48:09.537Z [33mwarn[39m: POST /api/products
2026-03-02T03:48:09.541Z [33mwarn[39m: POST /api/products
2026-03-02T03:48:09.546Z [33mwarn[39m: POST /api/products
2026-03-02T03:48:09.550Z [33mwarn[39m: POST /api/products
2026-03-02T03:48:09.565Z [33mwarn[39m: POST /api/products
2026-03-02T03:48:09.570Z [33mwarn[39m: POST /api/products
2026-03-02T03:48:09.573Z [33mwarn[39m: POST /api/products
2026-03-02T03:48:09.578Z [33mwarn[39m: POST /api/products
2026-03-02T03:48:09.582Z [33mwarn[39m: POST /api/products
2026-03-02T03:48:09.584Z [33mwarn[39m: PUT /api/products/69a508797818ade19de4de76
2026-03-02T03:48:09.590Z [33mwarn[39m: POST /api/products
2026-03-02T03:48:09.593Z [33mwarn[39m: DELETE /api/products/69a508797818ade19de4de7e
2026-03-02T03:48:09.598Z [33mwarn[39m: PUT /api/products/c3fe7eb8076e4de58d8d87c5
2026-03-02T03:48:09.602Z [33mwarn[39m: DELETE /api/products/6976e898854bf6d42c512e48
2026-03-02T03:48:25.773Z [33mwarn[39m: POST /api/users
2026-03-02T03:48:25.790Z [33mwarn[39m: POST /api/users
2026-03-02T03:48:25.794Z [33mwarn[39m: POST /api/users
2026-03-02T03:48:25.801Z [33mwarn[39m: GET /api/users
2026-03-02T03:48:25.807Z [33mwarn[39m: POST /api/users
2026-03-02T03:48:25.810Z [33mwarn[39m: PUT /api/users
2026-03-02T03:48:25.815Z [33mwarn[39m: POST /api/users
2026-03-02T03:48:25.817Z [33mwarn[39m: DELETE /api/users
2026-03-02T03:48:26.610Z [33mwarn[39m: GET /api/products/69a5088a97ba1229b95367bf
2026-03-02T03:48:26.625Z [33mwarn[39m: GET /api/products
2026-03-02T03:48:26.634Z [33mwarn[39m: POST /api/products
2026-03-02T03:48:26.638Z [33mwarn[39m: POST /api/products
2026-03-02T03:48:26.642Z [33mwarn[39m: POST /api/products
2026-03-02T03:48:26.646Z [33mwarn[39m: POST /api/products
2026-03-02T03:48:26.650Z [33mwarn[39m: POST /api/products
2026-03-02T03:48:26.654Z [33mwarn[39m: POST /api/products
2026-03-02T03:48:26.667Z [33mwarn[39m: POST /api/products
2026-03-02T03:48:26.674Z [33mwarn[39m: POST /api/products
2026-03-02T03:48:26.677Z [33mwarn[39m: POST /api/products
2026-03-02T03:48:26.682Z [33mwarn[39m: POST /api/products
2026-03-02T03:48:26.685Z [33mwarn[39m: POST /api/products
2026-03-02T03:48:26.688Z [33mwarn[39m: PUT /api/products/69a5088a97ba1229b953680e
2026-03-02T03:48:26.695Z [33mwarn[39m: POST /api/products
2026-03-02T03:48:26.698Z [33mwarn[39m: DELETE /api/products/69a5088a97ba1229b9536816
2026-03-02T03:48:26.702Z [33mwarn[39m: PUT /api/products/c3fe7eb8076e4de58d8d87c5
2026-03-02T03:48:26.707Z [33mwarn[39m: DELETE /api/products/6976e898854bf6d42c512e48
2026-03-02T03:48:57.391Z [33mwarn[39m: POST /api/users
2026-03-02T03:48:57.408Z [33mwarn[39m: POST /api/users
2026-03-02T03:48:57.413Z [33mwarn[39m: POST /api/users
2026-03-02T03:48:57.419Z [33mwarn[39m: GET /api/users
2026-03-02T03:48:57.428Z [33mwarn[39m: POST /api/users
2026-03-02T03:48:57.431Z [33mwarn[39m: PUT /api/users
2026-03-02T03:48:57.435Z [33mwarn[39m: POST /api/users
2026-03-02T03:48:57.437Z [33mwarn[39m: DELETE /api/users
2026-03-02T03:49:00.864Z [33mwarn[39m: POST /api/users
2026-03-02T03:49:00.882Z [33mwarn[39m: POST /api/users
2026-03-02T03:49:00.886Z [33mwarn[39m: POST /api/users
2026-03-02T03:49:00.892Z [33mwarn[39m: GET /api/users
2026-03-02T03:49:00.901Z [33mwarn[39m: POST /api/users
2026-03-02T03:49:00.904Z [33mwarn[39m: PUT /api/users
2026-03-02T03:49:00.908Z [33mwarn[39m: POST /api/users
2026-03-02T03:49:00.910Z [33mwarn[39m: DELETE /api/users
2026-03-02T03:49:01.566Z [33mwarn[39m: GET /api/products/69a508adf6bccc9163092c1e
2026-03-02T03:49:01.582Z [33mwarn[39m: GET /api/products
2026-03-02T03:49:01.591Z [33mwarn[39m: POST /api/products
2026-03-02T03:49:01.596Z [33mwarn[39m: POST /api/products
2026-03-02T03:49:01.600Z [33mwarn[39m: POST /api/products
2026-03-02T03:49:01.605Z [33mwarn[39m: POST /api/products
2026-03-02T03:49:01.609Z [33mwarn[39m: POST /api/products
2026-03-02T03:49:01.614Z [33mwarn[39m: POST /api/products
2026-03-02T03:49:01.629Z [33mwarn[39m: POST /api/products
2026-03-02T03:49:01.635Z [33mwarn[39m: POST /api/products
2026-03-02T03:49:01.637Z [33mwarn[39m: POST /api/products
2026-03-02T03:49:01.642Z [33mwarn[39m: POST /api/products
2026-03-02T03:49:01.646Z [33mwarn[39m: POST /api/products
2026-03-02T03:49:01.648Z [33mwarn[39m: PUT /api/products/69a508adf6bccc9163092c6d
2026-03-02T03:49:01.660Z [33mwarn[39m: POST /api/products
2026-03-02T03:49:01.663Z [33mwarn[39m: DELETE /api/products/69a508adf6bccc9163092c75
2026-03-02T03:49:01.667Z [33mwarn[39m: PUT /api/products/c3fe7eb8076e4de58d8d87c5
2026-03-02T03:49:01.671Z [33mwarn[39m: DELETE /api/products/6976e898854bf6d42c512e48
2026-03-02T03:50:19.641Z [33mwarn[39m: POST /api/users
2026-03-02T03:50:19.658Z [33mwarn[39m: POST /api/users
2026-03-02T03:50:19.662Z [33mwarn[39m: POST /api/users
2026-03-02T03:50:19.667Z [33mwarn[39m: GET /api/users
2026-03-02T03:50:19.674Z [33mwarn[39m: POST /api/users
2026-03-02T03:50:19.677Z [33mwarn[39m: PUT /api/users
2026-03-02T03:50:19.683Z [33mwarn[39m: POST /api/users
2026-03-02T03:50:19.690Z [33mwarn[39m: DELETE /api/users
2026-03-02T03:50:20.367Z [33mwarn[39m: GET /api/products/69a508fc7c6677ca6a3087e4
2026-03-02T03:50:20.490Z [33mwarn[39m: GET /api/products
2026-03-02T03:50:20.505Z [33mwarn[39m: POST /api/products
2026-03-02T03:50:20.514Z [33mwarn[39m: POST /api/products
2026-03-02T03:50:20.520Z [33mwarn[39m: POST /api/products
2026-03-02T03:50:20.524Z [33mwarn[39m: POST /api/products
2026-03-02T03:50:20.529Z [33mwarn[39m: POST /api/products
2026-03-02T03:50:20.535Z [33mwarn[39m: POST /api/products
2026-03-02T03:50:20.546Z [33mwarn[39m: POST /api/products
2026-03-02T03:50:20.553Z [33mwarn[39m: POST /api/products
2026-03-02T03:50:20.556Z [33mwarn[39m: POST /api/products
2026-03-02T03:50:20.562Z [33mwarn[39m: POST /api/products
2026-03-02T03:50:20.568Z [33mwarn[39m: POST /api/products
2026-03-02T03:50:20.571Z [33mwarn[39m: PUT /api/products/69a508fc7c6677ca6a308832
2026-03-02T03:50:20.578Z [33mwarn[39m: POST /api/products
2026-03-02T03:50:20.581Z [33mwarn[39m: DELETE /api/products/69a508fc7c6677ca6a30883a
2026-03-02T03:50:20.585Z [33mwarn[39m: PUT /api/products/c3fe7eb8076e4de58d8d87c5
2026-03-02T03:50:20.589Z [33mwarn[39m: DELETE /api/products/6976e898854bf6d42c512e48
2026-03-02T03:50:21.308Z [33mwarn[39m: POST /api/comments
2026-03-02T03:50:21.325Z [33mwarn[39m: POST /api/comments
2026-03-02T03:50:21.329Z [33mwarn[39m: POST /api/comments
2026-03-02T03:50:21.333Z [33mwarn[39m: POST /api/comments
2026-03-02T03:50:21.336Z [33mwarn[39m: POST /api/comments
2026-03-02T03:50:21.340Z [33mwarn[39m: POST /api/comments
2026-03-02T03:50:48.721Z [33mwarn[39m: POST /api/users
2026-03-02T03:50:48.739Z [33mwarn[39m: POST /api/users
2026-03-02T03:50:48.743Z [33mwarn[39m: POST /api/users
2026-03-02T03:50:48.753Z [33mwarn[39m: GET /api/users
2026-03-02T03:50:48.760Z [33mwarn[39m: POST /api/users
2026-03-02T03:50:48.763Z [33mwarn[39m: PUT /api/users
2026-03-02T03:50:48.767Z [33mwarn[39m: POST /api/users
2026-03-02T03:50:48.769Z [33mwarn[39m: DELETE /api/users
2026-03-02T03:50:49.405Z [33mwarn[39m: POST /api/comments
2026-03-02T03:50:49.420Z [33mwarn[39m: POST /api/comments
2026-03-02T03:50:49.423Z [33mwarn[39m: POST /api/comments
2026-03-02T03:50:49.428Z [33mwarn[39m: POST /api/comments
2026-03-02T03:50:49.432Z [33mwarn[39m: POST /api/comments
2026-03-02T03:50:49.435Z [33mwarn[39m: POST /api/comments
2026-03-02T03:50:50.190Z [33mwarn[39m: GET /api/products/69a5091a8afbdecc550466d8
2026-03-02T03:50:50.205Z [33mwarn[39m: GET /api/products
2026-03-02T03:50:50.215Z [33mwarn[39m: POST /api/products
2026-03-02T03:50:50.220Z [33mwarn[39m: POST /api/products
2026-03-02T03:50:50.223Z [33mwarn[39m: POST /api/products
2026-03-02T03:50:50.228Z [33mwarn[39m: POST /api/products
2026-03-02T03:50:50.232Z [33mwarn[39m: POST /api/products
2026-03-02T03:50:50.236Z [33mwarn[39m: POST /api/products
2026-03-02T03:50:50.246Z [33mwarn[39m: POST /api/products
2026-03-02T03:50:50.252Z [33mwarn[39m: POST /api/products
2026-03-02T03:50:50.255Z [33mwarn[39m: POST /api/products
2026-03-02T03:50:50.259Z [33mwarn[39m: POST /api/products
2026-03-02T03:50:50.265Z [33mwarn[39m: POST /api/products
2026-03-02T03:50:50.267Z [33mwarn[39m: PUT /api/products/69a5091a8afbdecc55046727
2026-03-02T03:50:50.273Z [33mwarn[39m: POST /api/products
2026-03-02T03:50:50.276Z [33mwarn[39m: DELETE /api/products/69a5091a8afbdecc5504672f
2026-03-02T03:50:50.281Z [33mwarn[39m: PUT /api/products/c3fe7eb8076e4de58d8d87c5
2026-03-02T03:50:50.285Z [33mwarn[39m: DELETE /api/products/6976e898854bf6d42c512e48
2026-03-02T03:50:55.343Z [33mwarn[39m: POST /api/users
2026-03-02T03:50:55.360Z [33mwarn[39m: POST /api/users
2026-03-02T03:50:55.363Z [33mwarn[39m: POST /api/users
2026-03-02T03:50:55.369Z [33mwarn[39m: GET /api/users
2026-03-02T03:50:55.376Z [33mwarn[39m: POST /api/users
2026-03-02T03:50:55.379Z [33mwarn[39m: PUT /api/users
2026-03-02T03:50:55.383Z [33mwarn[39m: POST /api/users
2026-03-02T03:50:55.385Z [33mwarn[39m: DELETE /api/users
2026-03-02T03:50:56.018Z [33mwarn[39m: POST /api/comments
2026-03-02T03:50:56.032Z [33mwarn[39m: POST /api/comments
2026-03-02T03:50:56.037Z [33mwarn[39m: POST /api/comments
2026-03-02T03:50:56.043Z [33mwarn[39m: POST /api/comments
2026-03-02T03:50:56.049Z [33mwarn[39m: POST /api/comments
2026-03-02T03:50:56.055Z [33mwarn[39m: POST /api/comments
2026-03-02T03:50:56.692Z [33mwarn[39m: GET /api/products/69a50920ec4921eab56e60f0
2026-03-02T03:50:56.706Z [33mwarn[39m: GET /api/products
2026-03-02T03:50:56.715Z [33mwarn[39m: POST /api/products
2026-03-02T03:50:56.719Z [33mwarn[39m: POST /api/products
2026-03-02T03:50:56.723Z [33mwarn[39m: POST /api/products
2026-03-02T03:50:56.727Z [33mwarn[39m: POST /api/products
2026-03-02T03:50:56.731Z [33mwarn[39m: POST /api/products
2026-03-02T03:50:56.735Z [33mwarn[39m: POST /api/products
2026-03-02T03:50:56.744Z [33mwarn[39m: POST /api/products
2026-03-02T03:50:56.750Z [33mwarn[39m: POST /api/products
2026-03-02T03:50:56.753Z [33mwarn[39m: POST /api/products
2026-03-02T03:50:56.757Z [33mwarn[39m: POST /api/products
2026-03-02T03:50:56.761Z [33mwarn[39m: POST /api/products
2026-03-02T03:50:56.764Z [33mwarn[39m: PUT /api/products/69a50920ec4921eab56e613f
2026-03-02T03:50:56.771Z [33mwarn[39m: POST /api/products
2026-03-02T03:50:56.774Z [33mwarn[39m: DELETE /api/products/69a50920ec4921eab56e6147
2026-03-02T03:50:56.780Z [33mwarn[39m: PUT /api/products/c3fe7eb8076e4de58d8d87c5
2026-03-02T03:50:56.785Z [33mwarn[39m: DELETE /api/products/6976e898854bf6d42c512e48
2026-03-02T03:51:04.755Z [33mwarn[39m: POST /api/users
2026-03-02T03:51:04.776Z [33mwarn[39m: POST /api/users
2026-03-02T03:51:04.780Z [33mwarn[39m: POST /api/users
2026-03-02T03:51:04.786Z [33mwarn[39m: GET /api/users
2026-03-02T03:51:04.793Z [33mwarn[39m: POST /api/users
2026-03-02T03:51:04.796Z [33mwarn[39m: PUT /api/users
2026-03-02T03:51:04.800Z [33mwarn[39m: POST /api/users
2026-03-02T03:51:04.802Z [33mwarn[39m: DELETE /api/users
2026-03-02T03:51:05.536Z [33mwarn[39m: POST /api/comments
2026-03-02T03:51:05.551Z [33mwarn[39m: POST /api/comments
2026-03-02T03:51:05.554Z [33mwarn[39m: POST /api/comments
2026-03-02T03:51:05.558Z [33mwarn[39m: POST /api/comments
2026-03-02T03:51:05.562Z [33mwarn[39m: POST /api/comments
2026-03-02T03:51:05.566Z [33mwarn[39m: POST /api/comments
2026-03-02T03:51:06.223Z [33mwarn[39m: GET /api/products/69a5092a84c38c663d87f93a
2026-03-02T03:51:06.238Z [33mwarn[39m: GET /api/products
2026-03-02T03:51:06.248Z [33mwarn[39m: POST /api/products
2026-03-02T03:51:06.253Z [33mwarn[39m: POST /api/products
2026-03-02T03:51:06.257Z [33mwarn[39m: POST /api/products
2026-03-02T03:51:06.261Z [33mwarn[39m: POST /api/products
2026-03-02T03:51:06.271Z [33mwarn[39m: POST /api/products
2026-03-02T03:51:06.274Z [33mwarn[39m: POST /api/products
2026-03-02T03:51:06.285Z [33mwarn[39m: POST /api/products
2026-03-02T03:51:06.290Z [33mwarn[39m: POST /api/products
2026-03-02T03:51:06.293Z [33mwarn[39m: POST /api/products
2026-03-02T03:51:06.298Z [33mwarn[39m: POST /api/products
2026-03-02T03:51:06.302Z [33mwarn[39m: POST /api/products
2026-03-02T03:51:06.304Z [33mwarn[39m: PUT /api/products/69a5092a84c38c663d87f989
2026-03-02T03:51:06.311Z [33mwarn[39m: POST /api/products
2026-03-02T03:51:06.313Z [33mwarn[39m: DELETE /api/products/69a5092a84c38c663d87f991
2026-03-02T03:51:06.318Z [33mwarn[39m: PUT /api/products/c3fe7eb8076e4de58d8d87c5
2026-03-02T03:51:06.322Z [33mwarn[39m: DELETE /api/products/6976e898854bf6d42c512e48
2026-03-02T03:52:10.755Z [33mwarn[39m: POST /api/users
2026-03-02T03:52:10.768Z [33mwarn[39m: POST /api/users
2026-03-02T03:52:10.771Z [33mwarn[39m: POST /api/users
2026-03-02T03:52:10.776Z [33mwarn[39m: GET /api/users
2026-03-02T03:52:10.784Z [33mwarn[39m: POST /api/users
2026-03-02T03:52:10.787Z [33mwarn[39m: PUT /api/users
2026-03-02T03:52:10.792Z [33mwarn[39m: POST /api/users
2026-03-02T03:52:10.795Z [33mwarn[39m: DELETE /api/users
2026-03-02T03:52:11.436Z [33mwarn[39m: POST /api/comments
2026-03-02T03:52:11.449Z [33mwarn[39m: POST /api/comments
2026-03-02T03:52:11.458Z [33mwarn[39m: POST /api/comments
2026-03-02T03:52:11.464Z [33mwarn[39m: POST /api/comments
2026-03-02T03:52:11.468Z [33mwarn[39m: POST /api/comments
2026-03-02T03:52:11.472Z [33mwarn[39m: POST /api/comments
2026-03-02T03:52:12.140Z [33mwarn[39m: GET /api/products/69a5096cb8eeabe13d7f182c
2026-03-02T03:52:12.173Z [33mwarn[39m: GET /api/products
2026-03-02T03:52:12.387Z [33mwarn[39m: POST /api/products
2026-03-02T03:52:12.395Z [33mwarn[39m: POST /api/products
2026-03-02T03:52:12.401Z [33mwarn[39m: POST /api/products
2026-03-02T03:52:12.406Z [33mwarn[39m: POST /api/products
2026-03-02T03:52:12.413Z [33mwarn[39m: POST /api/products
2026-03-02T03:52:12.418Z [33mwarn[39m: POST /api/products
2026-03-02T03:52:12.431Z [33mwarn[39m: POST /api/products
2026-03-02T03:52:12.437Z [33mwarn[39m: POST /api/products
2026-03-02T03:52:12.441Z [33mwarn[39m: POST /api/products
2026-03-02T03:52:12.447Z [33mwarn[39m: POST /api/products
2026-03-02T03:52:12.452Z [33mwarn[39m: POST /api/products
2026-03-02T03:52:12.455Z [33mwarn[39m: PUT /api/products/69a5096cb8eeabe13d7f187b
2026-03-02T03:52:12.463Z [33mwarn[39m: POST /api/products
2026-03-02T03:52:12.466Z [33mwarn[39m: DELETE /api/products/69a5096cb8eeabe13d7f1883
2026-03-02T03:52:12.471Z [33mwarn[39m: PUT /api/products/c3fe7eb8076e4de58d8d87c5
2026-03-02T03:52:12.477Z [33mwarn[39m: DELETE /api/products/6976e898854bf6d42c512e48
2026-03-02T03:52:27.541Z [33mwarn[39m: POST /api/users
2026-03-02T03:52:27.559Z [33mwarn[39m: POST /api/users
2026-03-02T03:52:27.563Z [33mwarn[39m: POST /api/users
2026-03-02T03:52:27.569Z [33mwarn[39m: GET /api/users
2026-03-02T03:52:27.576Z [33mwarn[39m: POST /api/users
2026-03-02T03:52:27.579Z [33mwarn[39m: PUT /api/users
2026-03-02T03:52:27.583Z [33mwarn[39m: POST /api/users
2026-03-02T03:52:27.585Z [33mwarn[39m: DELETE /api/users
2026-03-02T03:52:28.456Z [33mwarn[39m: POST /api/comments
2026-03-02T03:52:28.473Z [33mwarn[39m: POST /api/comments
2026-03-02T03:52:28.478Z [33mwarn[39m: POST /api/comments
2026-03-02T03:52:28.485Z [33mwarn[39m: POST /api/comments
2026-03-02T03:52:28.489Z [33mwarn[39m: POST /api/comments
2026-03-02T03:52:28.492Z [33mwarn[39m: POST /api/comments
2026-03-02T03:52:29.199Z [33mwarn[39m: GET /api/products/69a5097d119bdfc2e035c59b
2026-03-02T03:52:29.214Z [33mwarn[39m: GET /api/products
2026-03-02T03:52:29.222Z [33mwarn[39m: POST /api/products
2026-03-02T03:52:29.228Z [33mwarn[39m: POST /api/products
2026-03-02T03:52:29.232Z [33mwarn[39m: POST /api/products
2026-03-02T03:52:29.237Z [33mwarn[39m: POST /api/products
2026-03-02T03:52:29.251Z [33mwarn[39m: POST /api/products
2026-03-02T03:52:29.255Z [33mwarn[39m: POST /api/products
2026-03-02T03:52:29.266Z [33mwarn[39m: POST /api/products
2026-03-02T03:52:29.271Z [33mwarn[39m: POST /api/products
2026-03-02T03:52:29.274Z [33mwarn[39m: POST /api/products
2026-03-02T03:52:29.279Z [33mwarn[39m: POST /api/products
2026-03-02T03:52:29.284Z [33mwarn[39m: POST /api/products
2026-03-02T03:52:29.287Z [33mwarn[39m: PUT /api/products/69a5097d119bdfc2e035c5ea
2026-03-02T03:52:29.297Z [33mwarn[39m: POST /api/products
2026-03-02T03:52:29.300Z [33mwarn[39m: DELETE /api/products/69a5097d119bdfc2e035c5f2
2026-03-02T03:52:29.306Z [33mwarn[39m: PUT /api/products/c3fe7eb8076e4de58d8d87c5
2026-03-02T03:52:29.312Z [33mwarn[39m: DELETE /api/products/6976e898854bf6d42c512e48
2026-03-02T03:52:30.991Z [33mwarn[39m: POST /api/comments
2026-03-02T03:52:31.006Z [33mwarn[39m: POST /api/comments
2026-03-02T03:52:31.010Z [33mwarn[39m: POST /api/comments
2026-03-02T03:52:31.015Z [33mwarn[39m: POST /api/comments
2026-03-02T03:52:31.018Z [33mwarn[39m: POST /api/comments
2026-03-02T03:52:31.022Z [33mwarn[39m: POST /api/comments
2026-03-02T03:52:31.664Z [33mwarn[39m: POST /api/users
2026-03-02T03:52:31.682Z [33mwarn[39m: POST /api/users
2026-03-02T03:52:31.685Z [33mwarn[39m: POST /api/users
2026-03-02T03:52:31.691Z [33mwarn[39m: GET /api/users
2026-03-02T03:52:31.698Z [33mwarn[39m: POST /api/users
2026-03-02T03:52:31.701Z [33mwarn[39m: PUT /api/users
2026-03-02T03:52:31.705Z [33mwarn[39m: POST /api/users
2026-03-02T03:52:31.707Z [33mwarn[39m: DELETE /api/users
2026-03-02T03:52:32.562Z [33mwarn[39m: GET /api/products/69a50980ba9e74c895e16ab0
2026-03-02T03:52:32.581Z [33mwarn[39m: GET /api/products
2026-03-02T03:52:32.591Z [33mwarn[39m: POST /api/products
2026-03-02T03:52:32.596Z [33mwarn[39m: POST /api/products
2026-03-02T03:52:32.599Z [33mwarn[39m: POST /api/products
2026-03-02T03:52:32.604Z [33mwarn[39m: POST /api/products
2026-03-02T03:52:32.608Z [33mwarn[39m: POST /api/products
2026-03-02T03:52:32.615Z [33mwarn[39m: POST /api/products
2026-03-02T03:52:32.627Z [33mwarn[39m: POST /api/products
2026-03-02T03:52:32.633Z [33mwarn[39m: POST /api/products
2026-03-02T03:52:32.636Z [33mwarn[39m: POST /api/products
2026-03-02T03:52:32.641Z [33mwarn[39m: POST /api/products
2026-03-02T03:52:32.644Z [33mwarn[39m: POST /api/products
2026-03-02T03:52:32.647Z [33mwarn[39m: PUT /api/products/69a50980ba9e74c895e16aff
2026-03-02T03:52:32.654Z [33mwarn[39m: POST /api/products
2026-03-02T03:52:32.656Z [33mwarn[39m: DELETE /api/products/69a50980ba9e74c895e16b07
2026-03-02T03:52:32.661Z [33mwarn[39m: PUT /api/products/c3fe7eb8076e4de58d8d87c5
2026-03-02T03:52:32.666Z [33mwarn[39m: DELETE /api/products/6976e898854bf6d42c512e48
2026-03-02T03:55:08.191Z [33mwarn[39m: POST /api/users
2026-03-02T03:55:08.208Z [33mwarn[39m: POST /api/users
2026-03-02T03:55:08.212Z [33mwarn[39m: POST /api/users
2026-03-02T03:55:08.218Z [33mwarn[39m: GET /api/users
2026-03-02T03:55:08.224Z [33mwarn[39m: POST /api/users
2026-03-02T03:55:08.227Z [33mwarn[39m: PUT /api/users
2026-03-02T03:55:08.231Z [33mwarn[39m: POST /api/users
2026-03-02T03:55:08.233Z [33mwarn[39m: DELETE /api/users
2026-03-02T03:55:08.887Z [33mwarn[39m: GET /api/products/69a50a1c6e846bb0b0ca92d1
2026-03-02T03:55:08.899Z [33mwarn[39m: GET /api/products
2026-03-02T03:55:08.908Z [33mwarn[39m: POST /api/products
2026-03-02T03:55:08.913Z [33mwarn[39m: POST /api/products
2026-03-02T03:55:08.917Z [33mwarn[39m: POST /api/products
2026-03-02T03:55:08.921Z [33mwarn[39m: POST /api/products
2026-03-02T03:55:08.925Z [33mwarn[39m: POST /api/products
2026-03-02T03:55:08.930Z [33mwarn[39m: POST /api/products
2026-03-02T03:55:08.940Z [33mwarn[39m: POST /api/products
2026-03-02T03:55:08.945Z [33mwarn[39m: POST /api/products
2026-03-02T03:55:08.948Z [33mwarn[39m: POST /api/products
2026-03-02T03:55:08.953Z [33mwarn[39m: POST /api/products
2026-03-02T03:55:08.956Z [33mwarn[39m: POST /api/products
2026-03-02T03:55:08.959Z [33mwarn[39m: PUT /api/products/69a50a1c6e846bb0b0ca931d
2026-03-02T03:55:08.966Z [33mwarn[39m: POST /api/products
2026-03-02T03:55:08.968Z [33mwarn[39m: DELETE /api/products/69a50a1c6e846bb0b0ca9325
2026-03-02T03:55:08.980Z [33mwarn[39m: PUT /api/products/c3fe7eb8076e4de58d8d87c5
2026-03-02T03:55:08.984Z [33mwarn[39m: DELETE /api/products/6976e898854bf6d42c512e48
2026-03-02T03:55:11.091Z [33mwarn[39m: POST /api/users
2026-03-02T03:55:11.103Z [33mwarn[39m: POST /api/users
2026-03-02T03:55:11.106Z [33mwarn[39m: POST /api/users
2026-03-02T03:55:11.112Z [33mwarn[39m: GET /api/users
2026-03-02T03:55:11.119Z [33mwarn[39m: POST /api/users
2026-03-02T03:55:11.122Z [33mwarn[39m: PUT /api/users
2026-03-02T03:55:11.126Z [33mwarn[39m: POST /api/users
2026-03-02T03:55:11.129Z [33mwarn[39m: DELETE /api/users
2026-03-02T03:55:11.937Z [33mwarn[39m: GET /api/products/69a50a1f29874ae58b5b2bb1
2026-03-02T03:55:11.951Z [33mwarn[39m: GET /api/products
2026-03-02T03:55:11.961Z [33mwarn[39m: POST /api/products
2026-03-02T03:55:11.965Z [33mwarn[39m: POST /api/products
2026-03-02T03:55:11.969Z [33mwarn[39m: POST /api/products
2026-03-02T03:55:11.973Z [33mwarn[39m: POST /api/products
2026-03-02T03:55:11.977Z [33mwarn[39m: POST /api/products
2026-03-02T03:55:11.981Z [33mwarn[39m: POST /api/products
2026-03-02T03:55:11.991Z [33mwarn[39m: POST /api/products
2026-03-02T03:55:11.996Z [33mwarn[39m: POST /api/products
2026-03-02T03:55:11.999Z [33mwarn[39m: POST /api/products
2026-03-02T03:55:12.005Z [33mwarn[39m: POST /api/products
2026-03-02T03:55:12.009Z [33mwarn[39m: POST /api/products
2026-03-02T03:55:12.012Z [33mwarn[39m: PUT /api/products/69a50a2029874ae58b5b2c00
2026-03-02T03:55:12.018Z [33mwarn[39m: POST /api/products
2026-03-02T03:55:12.020Z [33mwarn[39m: DELETE /api/products/69a50a2029874ae58b5b2c08
2026-03-02T03:55:12.024Z [33mwarn[39m: PUT /api/products/c3fe7eb8076e4de58d8d87c5
2026-03-02T03:55:12.029Z [33mwarn[39m: DELETE /api/products/6976e898854bf6d42c512e48
2026-03-02T03:55:12.700Z [33mwarn[39m: POST /api/comments
2026-03-02T03:55:12.711Z [33mwarn[39m: POST /api/comments
2026-03-02T03:55:12.714Z [33mwarn[39m: POST /api/comments
2026-03-02T03:55:12.717Z [33mwarn[39m: POST /api/comments
2026-03-02T03:55:12.720Z [33mwarn[39m: POST /api/comments
2026-03-02T03:55:12.723Z [33mwarn[39m: POST /api/comments
2026-03-02T03:55:31.156Z [33mwarn[39m: POST /api/users
2026-03-02T03:55:31.174Z [33mwarn[39m: POST /api/users
2026-03-02T03:55:31.177Z [33mwarn[39m: POST /api/users
2026-03-02T03:55:31.183Z [33mwarn[39m: GET /api/users
2026-03-02T03:55:31.190Z [33mwarn[39m: POST /api/users
2026-03-02T03:55:31.193Z [33mwarn[39m: PUT /api/users
2026-03-02T03:55:31.197Z [33mwarn[39m: POST /api/users
2026-03-02T03:55:31.200Z [33mwarn[39m: DELETE /api/users
2026-03-02T03:55:31.909Z [33mwarn[39m: GET /api/products/69a50a3306ae1fddc2b75578
2026-03-02T03:55:31.922Z [33mwarn[39m: GET /api/products
2026-03-02T03:55:31.934Z [33mwarn[39m: POST /api/products
2026-03-02T03:55:31.940Z [33mwarn[39m: POST /api/products
2026-03-02T03:55:31.944Z [33mwarn[39m: POST /api/products
2026-03-02T03:55:31.948Z [33mwarn[39m: POST /api/products
2026-03-02T03:55:31.952Z [33mwarn[39m: POST /api/products
2026-03-02T03:55:31.956Z [33mwarn[39m: POST /api/products
2026-03-02T03:55:31.966Z [33mwarn[39m: POST /api/products
2026-03-02T03:55:31.972Z [33mwarn[39m: POST /api/products
2026-03-02T03:55:31.974Z [33mwarn[39m: POST /api/products
2026-03-02T03:55:31.981Z [33mwarn[39m: POST /api/products
2026-03-02T03:55:31.986Z [33mwarn[39m: POST /api/products
2026-03-02T03:55:31.997Z [33mwarn[39m: PUT /api/products/69a50a3306ae1fddc2b755c7
2026-03-02T03:55:32.007Z [33mwarn[39m: POST /api/products
2026-03-02T03:55:32.010Z [33mwarn[39m: DELETE /api/products/69a50a3406ae1fddc2b755cf
2026-03-02T03:55:32.018Z [33mwarn[39m: PUT /api/products/c3fe7eb8076e4de58d8d87c5
2026-03-02T03:55:32.025Z [33mwarn[39m: DELETE /api/products/6976e898854bf6d42c512e48
2026-03-02T03:55:38.083Z [33mwarn[39m: POST /api/users
2026-03-02T03:55:38.099Z [33mwarn[39m: POST /api/users
2026-03-02T03:55:38.102Z [33mwarn[39m: POST /api/users
2026-03-02T03:55:38.107Z [33mwarn[39m: GET /api/users
2026-03-02T03:55:38.114Z [33mwarn[39m: POST /api/users
2026-03-02T03:55:38.117Z [33mwarn[39m: PUT /api/users
2026-03-02T03:55:38.120Z [33mwarn[39m: POST /api/users
2026-03-02T03:55:38.123Z [33mwarn[39m: DELETE /api/users
2026-03-02T03:55:38.980Z [33mwarn[39m: GET /api/products/69a50a3a72051bc1caf710fa
2026-03-02T03:55:38.994Z [33mwarn[39m: GET /api/products
2026-03-02T03:55:39.004Z [33mwarn[39m: POST /api/products
2026-03-02T03:55:39.010Z [33mwarn[39m: POST /api/products
2026-03-02T03:55:39.015Z [33mwarn[39m: POST /api/products
2026-03-02T03:55:39.019Z [33mwarn[39m: POST /api/products
2026-03-02T03:55:39.023Z [33mwarn[39m: POST /api/products
2026-03-02T03:55:39.027Z [33mwarn[39m: POST /api/products
2026-03-02T03:55:39.036Z [33mwarn[39m: POST /api/products
2026-03-02T03:55:39.042Z [33mwarn[39m: POST /api/products
2026-03-02T03:55:39.044Z [33mwarn[39m: POST /api/products
2026-03-02T03:55:39.049Z [33mwarn[39m: POST /api/products
2026-03-02T03:55:39.053Z [33mwarn[39m: POST /api/products
2026-03-02T03:55:39.055Z [33mwarn[39m: PUT /api/products/69a50a3b72051bc1caf71149
2026-03-02T03:55:39.063Z [33mwarn[39m: POST /api/products
2026-03-02T03:55:39.066Z [33mwarn[39m: DELETE /api/products/69a50a3b72051bc1caf71151
2026-03-02T03:55:39.070Z [33mwarn[39m: PUT /api/products/c3fe7eb8076e4de58d8d87c5
2026-03-02T03:55:39.074Z [33mwarn[39m: DELETE /api/products/6976e898854bf6d42c512e48
2026-03-02T03:55:53.640Z [33mwarn[39m: POST /api/users
2026-03-02T03:55:53.990Z [33mwarn[39m: POST /api/users
2026-03-02T03:55:53.997Z [33mwarn[39m: POST /api/users
2026-03-02T03:55:54.013Z [33mwarn[39m: GET /api/users
2026-03-02T03:55:54.049Z [33mwarn[39m: POST /api/users
2026-03-02T03:55:54.053Z [33mwarn[39m: PUT /api/users
2026-03-02T03:55:54.072Z [33mwarn[39m: POST /api/users
2026-03-02T03:55:54.076Z [33mwarn[39m: DELETE /api/users
2026-03-02T03:55:54.932Z [33mwarn[39m: GET /api/products/69a50a4a9029f2dfd2783e09
2026-03-02T03:55:54.952Z [33mwarn[39m: GET /api/products
2026-03-02T03:55:54.964Z [33mwarn[39m: POST /api/products
2026-03-02T03:55:54.970Z [33mwarn[39m: POST /api/products
2026-03-02T03:55:54.973Z [33mwarn[39m: POST /api/products
2026-03-02T03:55:54.978Z [33mwarn[39m: POST /api/products
2026-03-02T03:55:54.982Z [33mwarn[39m: POST /api/products
2026-03-02T03:55:54.985Z [33mwarn[39m: POST /api/products
2026-03-02T03:55:54.996Z [33mwarn[39m: POST /api/products
2026-03-02T03:55:55.002Z [33mwarn[39m: POST /api/products
2026-03-02T03:55:55.006Z [33mwarn[39m: POST /api/products
2026-03-02T03:55:55.013Z [33mwarn[39m: POST /api/products
2026-03-02T03:55:55.017Z [33mwarn[39m: POST /api/products
2026-03-02T03:55:55.020Z [33mwarn[39m: PUT /api/products/69a50a4b9029f2dfd2783e58
2026-03-02T03:55:55.027Z [33mwarn[39m: POST /api/products
2026-03-02T03:55:55.029Z [33mwarn[39m: DELETE /api/products/69a50a4b9029f2dfd2783e60
2026-03-02T03:55:55.038Z [33mwarn[39m: PUT /api/products/c3fe7eb8076e4de58d8d87c5
2026-03-02T03:55:55.041Z [33mwarn[39m: DELETE /api/products/6976e898854bf6d42c512e48
2026-03-02T03:56:17.770Z [33mwarn[39m: POST /api/users
2026-03-02T03:56:17.791Z [33mwarn[39m: POST /api/users
2026-03-02T03:56:17.795Z [33mwarn[39m: POST /api/users
2026-03-02T03:56:17.801Z [33mwarn[39m: GET /api/users
2026-03-02T03:56:17.809Z [33mwarn[39m: POST /api/users
2026-03-02T03:56:17.813Z [33mwarn[39m: PUT /api/users
2026-03-02T03:56:17.817Z [33mwarn[39m: POST /api/users
2026-03-02T03:56:17.820Z [33mwarn[39m: DELETE /api/users
2026-03-02T03:56:18.672Z [33mwarn[39m: GET /api/products/69a50a629a017511e096d01d
2026-03-02T03:56:18.687Z [33mwarn[39m: GET /api/products
2026-03-02T03:56:18.697Z [33mwarn[39m: POST /api/products
2026-03-02T03:56:18.702Z [33mwarn[39m: POST /api/products
2026-03-02T03:56:18.706Z [33mwarn[39m: POST /api/products
2026-03-02T03:56:18.710Z [33mwarn[39m: POST /api/products
2026-03-02T03:56:18.714Z [33mwarn[39m: POST /api/products
2026-03-02T03:56:18.718Z [33mwarn[39m: POST /api/products
2026-03-02T03:56:18.728Z [33mwarn[39m: POST /api/products
2026-03-02T03:56:18.733Z [33mwarn[39m: POST /api/products
2026-03-02T03:56:18.736Z [33mwarn[39m: POST /api/products
2026-03-02T03:56:18.741Z [33mwarn[39m: POST /api/products
2026-03-02T03:56:18.745Z [33mwarn[39m: POST /api/products
2026-03-02T03:56:18.752Z [33mwarn[39m: PUT /api/products/69a50a629a017511e096d06c
2026-03-02T03:56:18.758Z [33mwarn[39m: POST /api/products
2026-03-02T03:56:18.761Z [33mwarn[39m: DELETE /api/products/69a50a629a017511e096d074
2026-03-02T03:56:18.765Z [33mwarn[39m: PUT /api/products/c3fe7eb8076e4de58d8d87c5
2026-03-02T03:56:18.769Z [33mwarn[39m: DELETE /api/products/6976e898854bf6d42c512e48
2026-03-02T03:56:28.073Z [33mwarn[39m: POST /api/users
2026-03-02T03:56:28.090Z [33mwarn[39m: POST /api/users
2026-03-02T03:56:28.094Z [33mwarn[39m: POST /api/users
2026-03-02T03:56:28.101Z [33mwarn[39m: GET /api/users
2026-03-02T03:56:28.107Z [33mwarn[39m: POST /api/users
2026-03-02T03:56:28.110Z [33mwarn[39m: PUT /api/users
2026-03-02T03:56:28.114Z [33mwarn[39m: POST /api/users
2026-03-02T03:56:28.116Z [33mwarn[39m: DELETE /api/users
2026-03-02T03:56:28.810Z [33mwarn[39m: GET /api/products/69a50a6c0329cd47a42b922b
2026-03-02T03:56:28.880Z [33mwarn[39m: GET /api/products
2026-03-02T03:56:28.893Z [33mwarn[39m: POST /api/products
2026-03-02T03:56:28.899Z [33mwarn[39m: POST /api/products
2026-03-02T03:56:28.902Z [33mwarn[39m: POST /api/products
2026-03-02T03:56:28.906Z [33mwarn[39m: POST /api/products
2026-03-02T03:56:28.911Z [33mwarn[39m: POST /api/products
2026-03-02T03:56:28.916Z [33mwarn[39m: POST /api/products
2026-03-02T03:56:28.929Z [33mwarn[39m: POST /api/products
2026-03-02T03:56:28.935Z [33mwarn[39m: POST /api/products
2026-03-02T03:56:28.937Z [33mwarn[39m: POST /api/products
2026-03-02T03:56:28.942Z [33mwarn[39m: POST /api/products
2026-03-02T03:56:28.946Z [33mwarn[39m: POST /api/products
2026-03-02T03:56:28.949Z [33mwarn[39m: PUT /api/products/69a50a6c0329cd47a42b927a
2026-03-02T03:56:28.955Z [33mwarn[39m: POST /api/products
2026-03-02T03:56:28.964Z [33mwarn[39m: DELETE /api/products/69a50a6c0329cd47a42b9282
2026-03-02T03:56:28.969Z [33mwarn[39m: PUT /api/products/c3fe7eb8076e4de58d8d87c5
2026-03-02T03:56:28.973Z [33mwarn[39m: DELETE /api/products/6976e898854bf6d42c512e48
2026-03-02T03:56:30.744Z [33mwarn[39m: POST /api/users
2026-03-02T03:56:30.763Z [33mwarn[39m: POST /api/users
2026-03-02T03:56:30.768Z [33mwarn[39m: POST /api/users
2026-03-02T03:56:30.774Z [33mwarn[39m: GET /api/users
2026-03-02T03:56:30.781Z [33mwarn[39m: POST /api/users
2026-03-02T03:56:30.784Z [33mwarn[39m: PUT /api/users
2026-03-02T03:56:30.788Z [33mwarn[39m: POST /api/users
2026-03-02T03:56:30.790Z [33mwarn[39m: DELETE /api/users
2026-03-02T03:56:31.741Z [33mwarn[39m: GET /api/products/69a50a6f8196ecf46ded4e87
2026-03-02T03:56:31.758Z [33mwarn[39m: GET /api/products
2026-03-02T03:56:31.769Z [33mwarn[39m: POST /api/products
2026-03-02T03:56:31.775Z [33mwarn[39m: POST /api/products
2026-03-02T03:56:31.781Z [33mwarn[39m: POST /api/products
2026-03-02T03:56:31.786Z [33mwarn[39m: POST /api/products
2026-03-02T03:56:31.790Z [33mwarn[39m: POST /api/products
2026-03-02T03:56:31.797Z [33mwarn[39m: POST /api/products
2026-03-02T03:56:31.810Z [33mwarn[39m: POST /api/products
2026-03-02T03:56:31.818Z [33mwarn[39m: POST /api/products
2026-03-02T03:56:31.821Z [33mwarn[39m: POST /api/products
2026-03-02T03:56:31.826Z [33mwarn[39m: POST /api/products
2026-03-02T03:56:31.831Z [33mwarn[39m: POST /api/products
2026-03-02T03:56:31.834Z [33mwarn[39m: PUT /api/products/69a50a6f8196ecf46ded4ed4
2026-03-02T03:56:31.846Z [33mwarn[39m: POST /api/products
2026-03-02T03:56:31.849Z [33mwarn[39m: DELETE /api/products/69a50a6f8196ecf46ded4edc
2026-03-02T03:56:31.854Z [33mwarn[39m: PUT /api/products/c3fe7eb8076e4de58d8d87c5
2026-03-02T03:56:31.859Z [33mwarn[39m: DELETE /api/products/6976e898854bf6d42c512e48
2026-03-02T03:56:34.153Z [33mwarn[39m: POST /api/users
2026-03-02T03:56:34.170Z [33mwarn[39m: POST /api/users
2026-03-02T03:56:34.173Z [33mwarn[39m: POST /api/users
2026-03-02T03:56:34.179Z [33mwarn[39m: GET /api/users
2026-03-02T03:56:34.186Z [33mwarn[39m: POST /api/users
2026-03-02T03:56:34.189Z [33mwarn[39m: PUT /api/users
2026-03-02T03:56:34.192Z [33mwarn[39m: POST /api/users
2026-03-02T03:56:34.195Z [33mwarn[39m: DELETE /api/users
2026-03-02T03:56:34.920Z [33mwarn[39m: GET /api/products/69a50a72c86f5ef3ade38b90
2026-03-02T03:56:34.932Z [33mwarn[39m: GET /api/products
2026-03-02T03:56:34.941Z [33mwarn[39m: POST /api/products
2026-03-02T03:56:34.948Z [33mwarn[39m: POST /api/products
2026-03-02T03:56:34.953Z [33mwarn[39m: POST /api/products
2026-03-02T03:56:34.957Z [33mwarn[39m: POST /api/products
2026-03-02T03:56:34.962Z [33mwarn[39m: POST /api/products
2026-03-02T03:56:34.969Z [33mwarn[39m: POST /api/products
2026-03-02T03:56:34.980Z [33mwarn[39m: POST /api/products
2026-03-02T03:56:34.987Z [33mwarn[39m: POST /api/products
2026-03-02T03:56:34.990Z [33mwarn[39m: POST /api/products
2026-03-02T03:56:34.995Z [33mwarn[39m: POST /api/products
2026-03-02T03:56:34.999Z [33mwarn[39m: POST /api/products
2026-03-02T03:56:35.001Z [33mwarn[39m: PUT /api/products/69a50a72c86f5ef3ade38bdd
2026-03-02T03:56:35.009Z [33mwarn[39m: POST /api/products
2026-03-02T03:56:35.012Z [33mwarn[39m: DELETE /api/products/69a50a73c86f5ef3ade38be5
2026-03-02T03:56:35.016Z [33mwarn[39m: PUT /api/products/c3fe7eb8076e4de58d8d87c5
2026-03-02T03:56:35.020Z [33mwarn[39m: DELETE /api/products/6976e898854bf6d42c512e48
2026-03-02T03:56:54.292Z [33mwarn[39m: POST /api/users
2026-03-02T03:56:54.313Z [33mwarn[39m: POST /api/users
2026-03-02T03:56:54.317Z [33mwarn[39m: POST /api/users
2026-03-02T03:56:54.322Z [33mwarn[39m: GET /api/users
2026-03-02T03:56:54.329Z [33mwarn[39m: POST /api/users
2026-03-02T03:56:54.332Z [33mwarn[39m: PUT /api/users
2026-03-02T03:56:54.335Z [33mwarn[39m: POST /api/users
2026-03-02T03:56:54.338Z [33mwarn[39m: DELETE /api/users
2026-03-02T03:56:55.333Z [33mwarn[39m: GET /api/products/69a50a8763f1541c0198294f
2026-03-02T03:56:55.347Z [33mwarn[39m: GET /api/products
2026-03-02T03:56:55.356Z [33mwarn[39m: POST /api/products
2026-03-02T03:56:55.361Z [33mwarn[39m: POST /api/products
2026-03-02T03:56:55.366Z [33mwarn[39m: POST /api/products
2026-03-02T03:56:55.372Z [33mwarn[39m: POST /api/products
2026-03-02T03:56:55.376Z [33mwarn[39m: POST /api/products
2026-03-02T03:56:55.386Z [33mwarn[39m: POST /api/products
2026-03-02T03:56:55.400Z [33mwarn[39m: POST /api/products
2026-03-02T03:56:55.406Z [33mwarn[39m: POST /api/products
2026-03-02T03:56:55.410Z [33mwarn[39m: POST /api/products
2026-03-02T03:56:55.420Z [33mwarn[39m: POST /api/products
2026-03-02T03:56:55.426Z [33mwarn[39m: POST /api/products
2026-03-02T03:56:55.430Z [33mwarn[39m: PUT /api/products/69a50a8763f1541c0198299e
2026-03-02T03:56:55.444Z [33mwarn[39m: POST /api/products
2026-03-02T03:56:55.448Z [33mwarn[39m: DELETE /api/products/69a50a8763f1541c019829a6
2026-03-02T03:56:55.453Z [33mwarn[39m: PUT /api/products/c3fe7eb8076e4de58d8d87c5
2026-03-02T03:56:55.457Z [33mwarn[39m: DELETE /api/products/6976e898854bf6d42c512e48
2026-03-02T03:57:01.797Z [33mwarn[39m: POST /api/users
2026-03-02T03:57:01.808Z [33mwarn[39m: POST /api/users
2026-03-02T03:57:01.811Z [33mwarn[39m: POST /api/users
2026-03-02T03:57:01.816Z [33mwarn[39m: GET /api/users
2026-03-02T03:57:01.822Z [33mwarn[39m: POST /api/users
2026-03-02T03:57:01.825Z [33mwarn[39m: PUT /api/users
2026-03-02T03:57:01.832Z [33mwarn[39m: POST /api/users
2026-03-02T03:57:01.835Z [33mwarn[39m: DELETE /api/users
2026-03-02T03:57:02.493Z [33mwarn[39m: GET /api/products/69a50a8ebaffdec0b2b24b15
2026-03-02T03:57:02.508Z [33mwarn[39m: GET /api/products
2026-03-02T03:57:02.518Z [33mwarn[39m: POST /api/products
2026-03-02T03:57:02.523Z [33mwarn[39m: POST /api/products
2026-03-02T03:57:02.527Z [33mwarn[39m: POST /api/products
2026-03-02T03:57:02.532Z [33mwarn[39m: POST /api/products
2026-03-02T03:57:02.536Z [33mwarn[39m: POST /api/products
2026-03-02T03:57:02.539Z [33mwarn[39m: POST /api/products
2026-03-02T03:57:02.550Z [33mwarn[39m: POST /api/products
2026-03-02T03:57:02.556Z [33mwarn[39m: POST /api/products
2026-03-02T03:57:02.559Z [33mwarn[39m: POST /api/products
2026-03-02T03:57:02.565Z [33mwarn[39m: POST /api/products
2026-03-02T03:57:02.569Z [33mwarn[39m: POST /api/products
2026-03-02T03:57:02.572Z [33mwarn[39m: PUT /api/products/69a50a8ebaffdec0b2b24b64
2026-03-02T03:57:02.580Z [33mwarn[39m: POST /api/products
2026-03-02T03:57:02.589Z [33mwarn[39m: DELETE /api/products/69a50a8ebaffdec0b2b24b6c
2026-03-02T03:57:02.594Z [33mwarn[39m: PUT /api/products/c3fe7eb8076e4de58d8d87c5
2026-03-02T03:57:02.598Z [33mwarn[39m: DELETE /api/products/6976e898854bf6d42c512e48
2026-03-02T03:57:04.742Z [33mwarn[39m: POST /api/users
2026-03-02T03:57:04.760Z [33mwarn[39m: POST /api/users
2026-03-02T03:57:04.763Z [33mwarn[39m: POST /api/users
2026-03-02T03:57:04.770Z [33mwarn[39m: GET /api/users
2026-03-02T03:57:04.778Z [33mwarn[39m: POST /api/users
2026-03-02T03:57:04.780Z [33mwarn[39m: PUT /api/users
2026-03-02T03:57:04.784Z [33mwarn[39m: POST /api/users
2026-03-02T03:57:04.787Z [33mwarn[39m: DELETE /api/users
2026-03-02T03:57:05.763Z [33mwarn[39m: GET /api/products/69a50a91b9dc3f9880e68fd1
2026-03-02T03:57:05.778Z [33mwarn[39m: GET /api/products
2026-03-02T03:57:05.788Z [33mwarn[39m: POST /api/products
2026-03-02T03:57:05.793Z [33mwarn[39m: POST /api/products
2026-03-02T03:57:05.798Z [33mwarn[39m: POST /api/products
2026-03-02T03:57:05.802Z [33mwarn[39m: POST /api/products
2026-03-02T03:57:05.806Z [33mwarn[39m: POST /api/products
2026-03-02T03:57:05.810Z [33mwarn[39m: POST /api/products
2026-03-02T03:57:05.821Z [33mwarn[39m: POST /api/products
2026-03-02T03:57:05.827Z [33mwarn[39m: POST /api/products
2026-03-02T03:57:05.830Z [33mwarn[39m: POST /api/products
2026-03-02T03:57:05.835Z [33mwarn[39m: POST /api/products
2026-03-02T03:57:05.839Z [33mwarn[39m: POST /api/products
2026-03-02T03:57:05.841Z [33mwarn[39m: PUT /api/products/69a50a91b9dc3f9880e69020
2026-03-02T03:57:05.848Z [33mwarn[39m: POST /api/products
2026-03-02T03:57:05.850Z [33mwarn[39m: DELETE /api/products/69a50a91b9dc3f9880e69028
2026-03-02T03:57:05.855Z [33mwarn[39m: PUT /api/products/c3fe7eb8076e4de58d8d87c5
2026-03-02T03:57:05.859Z [33mwarn[39m: DELETE /api/products/6976e898854bf6d42c512e48
2026-03-02T03:57:07.324Z [33mwarn[39m: POST /api/users
2026-03-02T03:57:07.343Z [33mwarn[39m: POST /api/users
2026-03-02T03:57:07.346Z [33mwarn[39m: POST /api/users
2026-03-02T03:57:07.351Z [33mwarn[39m: GET /api/users
2026-03-02T03:57:07.358Z [33mwarn[39m: POST /api/users
2026-03-02T03:57:07.360Z [33mwarn[39m: PUT /api/users
2026-03-02T03:57:07.364Z [33mwarn[39m: POST /api/users
2026-03-02T03:57:07.367Z [33mwarn[39m: DELETE /api/users
2026-03-02T03:57:08.045Z [33mwarn[39m: GET /api/products/69a50a94ac3fccef98f0a4d2
2026-03-02T03:57:08.057Z [33mwarn[39m: GET /api/products
2026-03-02T03:57:08.066Z [33mwarn[39m: POST /api/products
2026-03-02T03:57:08.072Z [33mwarn[39m: POST /api/products
2026-03-02T03:57:08.076Z [33mwarn[39m: POST /api/products
2026-03-02T03:57:08.081Z [33mwarn[39m: POST /api/products
2026-03-02T03:57:08.085Z [33mwarn[39m: POST /api/products
2026-03-02T03:57:08.089Z [33mwarn[39m: POST /api/products
2026-03-02T03:57:08.105Z [33mwarn[39m: POST /api/products
2026-03-02T03:57:08.110Z [33mwarn[39m: POST /api/products
2026-03-02T03:57:08.113Z [33mwarn[39m: POST /api/products
2026-03-02T03:57:08.118Z [33mwarn[39m: POST /api/products
2026-03-02T03:57:08.122Z [33mwarn[39m: POST /api/products
2026-03-02T03:57:08.124Z [33mwarn[39m: PUT /api/products/69a50a94ac3fccef98f0a51f
2026-03-02T03:57:08.131Z [33mwarn[39m: POST /api/products
2026-03-02T03:57:08.133Z [33mwarn[39m: DELETE /api/products/69a50a94ac3fccef98f0a527
2026-03-02T03:57:08.138Z [33mwarn[39m: PUT /api/products/c3fe7eb8076e4de58d8d87c5
2026-03-02T03:57:08.141Z [33mwarn[39m: DELETE /api/products/6976e898854bf6d42c512e48
2026-03-02T03:57:09.318Z [33mwarn[39m: POST /api/comments
2026-03-02T03:57:09.329Z [33mwarn[39m: POST /api/comments
2026-03-02T03:57:09.333Z [33mwarn[39m: POST /api/comments
2026-03-02T03:57:09.336Z [33mwarn[39m: POST /api/comments
2026-03-02T03:57:09.339Z [33mwarn[39m: POST /api/comments
2026-03-02T03:57:09.343Z [33mwarn[39m: POST /api/comments
2026-03-02T03:57:09.347Z [33mwarn[39m: POST /api/comments
2026-03-02T03:57:09.349Z [33mwarn[39m: POST /api/comments
2026-03-02T03:57:23.938Z [33mwarn[39m: POST /api/comments
2026-03-02T03:57:23.954Z [33mwarn[39m: POST /api/comments
2026-03-02T03:57:23.959Z [33mwarn[39m: POST /api/comments
2026-03-02T03:57:23.963Z [33mwarn[39m: POST /api/comments
2026-03-02T03:57:23.967Z [33mwarn[39m: POST /api/comments
2026-03-02T03:57:23.971Z [33mwarn[39m: POST /api/comments
2026-03-02T03:57:23.975Z [33mwarn[39m: POST /api/comments
2026-03-02T03:57:23.977Z [33mwarn[39m: POST /api/comments
2026-03-02T03:57:24.599Z [33mwarn[39m: POST /api/users
2026-03-02T03:57:24.616Z [33mwarn[39m: POST /api/users
2026-03-02T03:57:24.619Z [33mwarn[39m: POST /api/users
2026-03-02T03:57:24.625Z [33mwarn[39m: GET /api/users
2026-03-02T03:57:24.633Z [33mwarn[39m: POST /api/users
2026-03-02T03:57:24.641Z [33mwarn[39m: PUT /api/users
2026-03-02T03:57:24.646Z [33mwarn[39m: POST /api/users
2026-03-02T03:57:24.648Z [33mwarn[39m: DELETE /api/users
2026-03-02T03:57:25.265Z [33mwarn[39m: GET /api/products/69a50aa5202dd728fd508249
2026-03-02T03:57:25.279Z [33mwarn[39m: GET /api/products
2026-03-02T03:57:25.288Z [33mwarn[39m: POST /api/products
2026-03-02T03:57:25.293Z [33mwarn[39m: POST /api/products
2026-03-02T03:57:25.297Z [33mwarn[39m: POST /api/products
2026-03-02T03:57:25.301Z [33mwarn[39m: POST /api/products
2026-03-02T03:57:25.305Z [33mwarn[39m: POST /api/products
2026-03-02T03:57:25.309Z [33mwarn[39m: POST /api/products
2026-03-02T03:57:25.318Z [33mwarn[39m: POST /api/products
2026-03-02T03:57:25.323Z [33mwarn[39m: POST /api/products
2026-03-02T03:57:25.326Z [33mwarn[39m: POST /api/products
2026-03-02T03:57:25.331Z [33mwarn[39m: POST /api/products
2026-03-02T03:57:25.335Z [33mwarn[39m: POST /api/products
2026-03-02T03:57:25.337Z [33mwarn[39m: PUT /api/products/69a50aa5202dd728fd508298
2026-03-02T03:57:25.344Z [33mwarn[39m: POST /api/products
2026-03-02T03:57:25.346Z [33mwarn[39m: DELETE /api/products/69a50aa5202dd728fd5082a0
2026-03-02T03:57:25.350Z [33mwarn[39m: PUT /api/products/c3fe7eb8076e4de58d8d87c5
2026-03-02T03:57:25.354Z [33mwarn[39m: DELETE /api/products/6976e898854bf6d42c512e48
2026-03-02T04:01:09.991Z [33mwarn[39m: POST /api/comments
2026-03-02T04:01:10.006Z [33mwarn[39m: POST /api/comments
2026-03-02T04:01:10.010Z [33mwarn[39m: POST /api/comments
2026-03-02T04:01:10.015Z [33mwarn[39m: POST /api/comments
2026-03-02T04:01:10.019Z [33mwarn[39m: POST /api/comments
2026-03-02T04:01:10.023Z [33mwarn[39m: POST /api/comments
2026-03-02T04:01:10.027Z [33mwarn[39m: POST /api/comments
2026-03-02T04:01:10.029Z [33mwarn[39m: POST /api/comments
2026-03-02T04:01:10.739Z [33mwarn[39m: POST /api/users
2026-03-02T04:01:10.759Z [33mwarn[39m: POST /api/users
2026-03-02T04:01:10.762Z [33mwarn[39m: POST /api/users
2026-03-02T04:01:10.769Z [33mwarn[39m: GET /api/users
2026-03-02T04:01:10.775Z [33mwarn[39m: POST /api/users
2026-03-02T04:01:10.778Z [33mwarn[39m: PUT /api/users
2026-03-02T04:01:10.783Z [33mwarn[39m: POST /api/users
2026-03-02T04:01:10.786Z [33mwarn[39m: DELETE /api/users
2026-03-02T04:01:11.472Z [33mwarn[39m: GET /api/products/69a50b87f5fe53106079c157
2026-03-02T04:01:11.486Z [33mwarn[39m: GET /api/products
2026-03-02T04:01:11.495Z [33mwarn[39m: POST /api/products
2026-03-02T04:01:11.501Z [33mwarn[39m: POST /api/products
2026-03-02T04:01:11.505Z [33mwarn[39m: POST /api/products
2026-03-02T04:01:11.509Z [33mwarn[39m: POST /api/products
2026-03-02T04:01:11.513Z [33mwarn[39m: POST /api/products
2026-03-02T04:01:11.517Z [33mwarn[39m: POST /api/products
2026-03-02T04:01:11.527Z [33mwarn[39m: POST /api/products
2026-03-02T04:01:11.532Z [33mwarn[39m: POST /api/products
2026-03-02T04:01:11.535Z [33mwarn[39m: POST /api/products
2026-03-02T04:01:11.540Z [33mwarn[39m: POST /api/products
2026-03-02T04:01:11.544Z [33mwarn[39m: POST /api/products
2026-03-02T04:01:11.546Z [33mwarn[39m: PUT /api/products/69a50b87f5fe53106079c1a5
2026-03-02T04:01:11.553Z [33mwarn[39m: POST /api/products
2026-03-02T04:01:11.555Z [33mwarn[39m: DELETE /api/products/69a50b87f5fe53106079c1ad
2026-03-02T04:01:11.559Z [33mwarn[39m: PUT /api/products/c3fe7eb8076e4de58d8d87c5
2026-03-02T04:01:11.564Z [33mwarn[39m: DELETE /api/products/6976e898854bf6d42c512e48
2026-03-02T04:01:29.445Z [33mwarn[39m: POST /api/comments
2026-03-02T04:01:29.457Z [33mwarn[39m: POST /api/comments
2026-03-02T04:01:29.461Z [33mwarn[39m: POST /api/comments
2026-03-02T04:01:29.465Z [33mwarn[39m: POST /api/comments
2026-03-02T04:01:29.468Z [33mwarn[39m: POST /api/comments
2026-03-02T04:01:29.472Z [33mwarn[39m: POST /api/comments
2026-03-02T04:01:29.475Z [33mwarn[39m: POST /api/comments
2026-03-02T04:01:29.477Z [33mwarn[39m: POST /api/comments
2026-03-02T04:01:30.217Z [33mwarn[39m: POST /api/users
2026-03-02T04:01:30.237Z [33mwarn[39m: POST /api/users
2026-03-02T04:01:30.240Z [33mwarn[39m: POST /api/users
2026-03-02T04:01:30.247Z [33mwarn[39m: GET /api/users
2026-03-02T04:01:30.254Z [33mwarn[39m: POST /api/users
2026-03-02T04:01:30.257Z [33mwarn[39m: PUT /api/users
2026-03-02T04:01:30.261Z [33mwarn[39m: POST /api/users
2026-03-02T04:01:30.266Z [33mwarn[39m: DELETE /api/users
2026-03-02T04:01:31.081Z [33mwarn[39m: GET /api/products/69a50b9b79b4d69a579eba89
2026-03-02T04:01:31.094Z [33mwarn[39m: GET /api/products
2026-03-02T04:01:31.105Z [33mwarn[39m: POST /api/products
2026-03-02T04:01:31.110Z [33mwarn[39m: POST /api/products
2026-03-02T04:01:31.115Z [33mwarn[39m: POST /api/products
2026-03-02T04:01:31.120Z [33mwarn[39m: POST /api/products
2026-03-02T04:01:31.123Z [33mwarn[39m: POST /api/products
2026-03-02T04:01:31.127Z [33mwarn[39m: POST /api/products
2026-03-02T04:01:31.138Z [33mwarn[39m: POST /api/products
2026-03-02T04:01:31.142Z [33mwarn[39m: POST /api/products
2026-03-02T04:01:31.145Z [33mwarn[39m: POST /api/products
2026-03-02T04:01:31.152Z [33mwarn[39m: POST /api/products
2026-03-02T04:01:31.156Z [33mwarn[39m: POST /api/products
2026-03-02T04:01:31.158Z [33mwarn[39m: PUT /api/products/69a50b9b79b4d69a579ebad7
2026-03-02T04:01:31.166Z [33mwarn[39m: POST /api/products
2026-03-02T04:01:31.169Z [33mwarn[39m: DELETE /api/products/69a50b9b79b4d69a579ebadf
2026-03-02T04:01:31.218Z [33mwarn[39m: PUT /api/products/c3fe7eb8076e4de58d8d87c5
2026-03-02T04:01:31.233Z [33mwarn[39m: DELETE /api/products/6976e898854bf6d42c512e48
2026-03-02T04:01:49.137Z [33mwarn[39m: POST /api/comments
2026-03-02T04:01:49.152Z [33mwarn[39m: POST /api/comments
2026-03-02T04:01:49.156Z [33mwarn[39m: POST /api/comments
2026-03-02T04:01:49.160Z [33mwarn[39m: POST /api/comments
2026-03-02T04:01:49.164Z [33mwarn[39m: POST /api/comments
2026-03-02T04:01:49.168Z [33mwarn[39m: POST /api/comments
2026-03-02T04:01:49.172Z [33mwarn[39m: POST /api/comments
2026-03-02T04:01:49.174Z [33mwarn[39m: POST /api/comments
2026-03-02T04:01:49.782Z [33mwarn[39m: POST /api/users
2026-03-02T04:01:49.800Z [33mwarn[39m: POST /api/users
2026-03-02T04:01:49.804Z [33mwarn[39m: POST /api/users
2026-03-02T04:01:49.809Z [33mwarn[39m: GET /api/users
2026-03-02T04:01:49.817Z [33mwarn[39m: POST /api/users
2026-03-02T04:01:49.825Z [33mwarn[39m: PUT /api/users
2026-03-02T04:01:49.830Z [33mwarn[39m: POST /api/users
2026-03-02T04:01:49.833Z [33mwarn[39m: DELETE /api/users
2026-03-02T04:01:50.432Z [33mwarn[39m: GET /api/products/69a50baefa8c7d7ddc09d29e
2026-03-02T04:01:50.445Z [33mwarn[39m: GET /api/products
2026-03-02T04:01:50.455Z [33mwarn[39m: POST /api/products
2026-03-02T04:01:50.459Z [33mwarn[39m: POST /api/products
2026-03-02T04:01:50.463Z [33mwarn[39m: POST /api/products
2026-03-02T04:01:50.468Z [33mwarn[39m: POST /api/products
2026-03-02T04:01:50.471Z [33mwarn[39m: POST /api/products
2026-03-02T04:01:50.475Z [33mwarn[39m: POST /api/products
2026-03-02T04:01:50.485Z [33mwarn[39m: POST /api/products
2026-03-02T04:01:50.491Z [33mwarn[39m: POST /api/products
2026-03-02T04:01:50.493Z [33mwarn[39m: POST /api/products
2026-03-02T04:01:50.499Z [33mwarn[39m: POST /api/products
2026-03-02T04:01:50.503Z [33mwarn[39m: POST /api/products
2026-03-02T04:01:50.506Z [33mwarn[39m: PUT /api/products/69a50baefa8c7d7ddc09d2ec
2026-03-02T04:01:50.512Z [33mwarn[39m: POST /api/products
2026-03-02T04:01:50.515Z [33mwarn[39m: DELETE /api/products/69a50baefa8c7d7ddc09d2f4
2026-03-02T04:01:50.519Z [33mwarn[39m: PUT /api/products/c3fe7eb8076e4de58d8d87c5
2026-03-02T04:01:50.523Z [33mwarn[39m: DELETE /api/products/6976e898854bf6d42c512e48
2026-03-02T04:03:55.146Z [33mwarn[39m: POST /api/comments
2026-03-02T04:03:55.159Z [33mwarn[39m: POST /api/comments
2026-03-02T04:03:55.164Z [33mwarn[39m: POST /api/comments
2026-03-02T04:03:55.168Z [33mwarn[39m: POST /api/comments
2026-03-02T04:03:55.171Z [33mwarn[39m: POST /api/comments
2026-03-02T04:03:55.175Z [33mwarn[39m: POST /api/comments
2026-03-02T04:03:55.179Z [33mwarn[39m: POST /api/comments
2026-03-02T04:03:55.180Z [33mwarn[39m: POST /api/comments
2026-03-02T04:03:55.844Z [33mwarn[39m: POST /api/users
2026-03-02T04:03:55.866Z [33mwarn[39m: POST /api/users
2026-03-02T04:03:55.869Z [33mwarn[39m: POST /api/users
2026-03-02T04:03:55.876Z [33mwarn[39m: GET /api/users
2026-03-02T04:03:55.885Z [33mwarn[39m: POST /api/users
2026-03-02T04:03:55.887Z [33mwarn[39m: PUT /api/users
2026-03-02T04:03:55.892Z [33mwarn[39m: POST /api/users
2026-03-02T04:03:55.894Z [33mwarn[39m: DELETE /api/users
2026-03-02T04:03:56.574Z [33mwarn[39m: GET /api/products/69a50c2ca96abf8c9ad58d6b
2026-03-02T04:03:56.588Z [33mwarn[39m: GET /api/products
2026-03-02T04:03:56.598Z [33mwarn[39m: POST /api/products
2026-03-02T04:03:56.604Z [33mwarn[39m: POST /api/products
2026-03-02T04:03:56.608Z [33mwarn[39m: POST /api/products
2026-03-02T04:03:56.612Z [33mwarn[39m: POST /api/products
2026-03-02T04:03:56.618Z [33mwarn[39m: POST /api/products
2026-03-02T04:03:56.623Z [33mwarn[39m: POST /api/products
2026-03-02T04:03:56.635Z [33mwarn[39m: POST /api/products
2026-03-02T04:03:56.641Z [33mwarn[39m: POST /api/products
2026-03-02T04:03:56.643Z [33mwarn[39m: POST /api/products
2026-03-02T04:03:56.650Z [33mwarn[39m: POST /api/products
2026-03-02T04:03:56.654Z [33mwarn[39m: POST /api/products
2026-03-02T04:03:56.656Z [33mwarn[39m: PUT /api/products/69a50c2ca96abf8c9ad58db9
2026-03-02T04:03:56.663Z [33mwarn[39m: POST /api/products
2026-03-02T04:03:56.666Z [33mwarn[39m: DELETE /api/products/69a50c2ca96abf8c9ad58dc1
2026-03-02T04:03:56.671Z [33mwarn[39m: PUT /api/products/c3fe7eb8076e4de58d8d87c5
2026-03-02T04:03:56.675Z [33mwarn[39m: DELETE /api/products/6976e898854bf6d42c512e48
2026-03-02T04:04:12.120Z [33mwarn[39m: POST /api/comments
2026-03-02T04:04:12.131Z [33mwarn[39m: POST /api/comments
2026-03-02T04:04:12.135Z [33mwarn[39m: POST /api/comments
2026-03-02T04:04:12.138Z [33mwarn[39m: POST /api/comments
2026-03-02T04:04:12.141Z [33mwarn[39m: POST /api/comments
2026-03-02T04:04:12.145Z [33mwarn[39m: POST /api/comments
2026-03-02T04:04:12.149Z [33mwarn[39m: POST /api/comments
2026-03-02T04:04:12.151Z [33mwarn[39m: POST /api/comments
2026-03-02T04:04:12.776Z [33mwarn[39m: POST /api/users
2026-03-02T04:04:12.794Z [33mwarn[39m: POST /api/users
2026-03-02T04:04:12.799Z [33mwarn[39m: POST /api/users
2026-03-02T04:04:12.805Z [33mwarn[39m: GET /api/users
2026-03-02T04:04:12.812Z [33mwarn[39m: POST /api/users
2026-03-02T04:04:12.815Z [33mwarn[39m: PUT /api/users
2026-03-02T04:04:12.819Z [33mwarn[39m: POST /api/users
2026-03-02T04:04:12.821Z [33mwarn[39m: DELETE /api/users
2026-03-02T04:04:13.484Z [33mwarn[39m: GET /api/products/69a50c3d2ff980f24c1fff2e
2026-03-02T04:04:13.504Z [33mwarn[39m: GET /api/products
2026-03-02T04:04:13.515Z [33mwarn[39m: POST /api/products
2026-03-02T04:04:13.520Z [33mwarn[39m: POST /api/products
2026-03-02T04:04:13.525Z [33mwarn[39m: POST /api/products
2026-03-02T04:04:13.530Z [33mwarn[39m: POST /api/products
2026-03-02T04:04:13.536Z [33mwarn[39m: POST /api/products
2026-03-02T04:04:13.541Z [33mwarn[39m: POST /api/products
2026-03-02T04:04:13.554Z [33mwarn[39m: POST /api/products
2026-03-02T04:04:13.560Z [33mwarn[39m: POST /api/products
2026-03-02T04:04:13.565Z [33mwarn[39m: POST /api/products
2026-03-02T04:04:13.572Z [33mwarn[39m: POST /api/products
2026-03-02T04:04:13.576Z [33mwarn[39m: POST /api/products
2026-03-02T04:04:13.579Z [33mwarn[39m: PUT /api/products/69a50c3d2ff980f24c1fff7c
2026-03-02T04:04:13.587Z [33mwarn[39m: POST /api/products
2026-03-02T04:04:13.590Z [33mwarn[39m: DELETE /api/products/69a50c3d2ff980f24c1fff84
2026-03-02T04:04:13.595Z [33mwarn[39m: PUT /api/products/c3fe7eb8076e4de58d8d87c5
2026-03-02T04:04:13.600Z [33mwarn[39m: DELETE /api/products/6976e898854bf6d42c512e48
2026-03-02T04:04:15.389Z [33mwarn[39m: POST /api/comments
2026-03-02T04:04:15.402Z [33mwarn[39m: POST /api/comments
2026-03-02T04:04:15.406Z [33mwarn[39m: POST /api/comments
2026-03-02T04:04:15.409Z [33mwarn[39m: POST /api/comments
2026-03-02T04:04:15.413Z [33mwarn[39m: POST /api/comments
2026-03-02T04:04:15.417Z [33mwarn[39m: POST /api/comments
2026-03-02T04:04:15.421Z [33mwarn[39m: POST /api/comments
2026-03-02T04:04:15.423Z [33mwarn[39m: POST /api/comments
2026-03-02T04:04:16.130Z [33mwarn[39m: POST /api/users
2026-03-02T04:04:16.150Z [33mwarn[39m: POST /api/users
2026-03-02T04:04:16.153Z [33mwarn[39m: POST /api/users
2026-03-02T04:04:16.159Z [33mwarn[39m: GET /api/users
2026-03-02T04:04:16.165Z [33mwarn[39m: POST /api/users
2026-03-02T04:04:16.168Z [33mwarn[39m: PUT /api/users
2026-03-02T04:04:16.172Z [33mwarn[39m: POST /api/users
2026-03-02T04:04:16.174Z [33mwarn[39m: DELETE /api/users
2026-03-02T04:04:16.864Z [33mwarn[39m: GET /api/products/69a50c40e25ac46653460ac9
2026-03-02T04:04:16.880Z [33mwarn[39m: GET /api/products
2026-03-02T04:04:16.890Z [33mwarn[39m: POST /api/products
2026-03-02T04:04:16.895Z [33mwarn[39m: POST /api/products
2026-03-02T04:04:16.901Z [33mwarn[39m: POST /api/products
2026-03-02T04:04:16.906Z [33mwarn[39m: POST /api/products
2026-03-02T04:04:16.910Z [33mwarn[39m: POST /api/products
2026-03-02T04:04:16.915Z [33mwarn[39m: POST /api/products
2026-03-02T04:04:16.924Z [33mwarn[39m: POST /api/products
2026-03-02T04:04:16.930Z [33mwarn[39m: POST /api/products
2026-03-02T04:04:16.933Z [33mwarn[39m: POST /api/products
2026-03-02T04:04:16.938Z [33mwarn[39m: POST /api/products
2026-03-02T04:04:16.942Z [33mwarn[39m: POST /api/products
2026-03-02T04:04:16.952Z [33mwarn[39m: PUT /api/products/69a50c40e25ac46653460b17
2026-03-02T04:04:16.958Z [33mwarn[39m: POST /api/products
2026-03-02T04:04:16.960Z [33mwarn[39m: DELETE /api/products/69a50c40e25ac46653460b1f
2026-03-02T04:04:16.965Z [33mwarn[39m: PUT /api/products/c3fe7eb8076e4de58d8d87c5
2026-03-02T04:04:16.969Z [33mwarn[39m: DELETE /api/products/6976e898854bf6d42c512e48
2026-03-02T04:04:19.720Z [33mwarn[39m: POST /api/comments
2026-03-02T04:04:19.775Z [33mwarn[39m: POST /api/comments
2026-03-02T04:04:19.792Z [33mwarn[39m: POST /api/comments
2026-03-02T04:04:19.796Z [33mwarn[39m: POST /api/comments
2026-03-02T04:04:19.800Z [33mwarn[39m: POST /api/comments
2026-03-02T04:04:19.803Z [33mwarn[39m: POST /api/comments
2026-03-02T04:04:19.807Z [33mwarn[39m: POST /api/comments
2026-03-02T04:04:19.808Z [33mwarn[39m: POST /api/comments
2026-03-02T04:04:20.441Z [33mwarn[39m: POST /api/users
2026-03-02T04:04:20.461Z [33mwarn[39m: POST /api/users
2026-03-02T04:04:20.465Z [33mwarn[39m: POST /api/users
2026-03-02T04:04:20.470Z [33mwarn[39m: GET /api/users
2026-03-02T04:04:20.477Z [33mwarn[39m: POST /api/users
2026-03-02T04:04:20.479Z [33mwarn[39m: PUT /api/users
2026-03-02T04:04:20.484Z [33mwarn[39m: POST /api/users
2026-03-02T04:04:20.486Z [33mwarn[39m: DELETE /api/users
2026-03-02T04:04:21.309Z [33mwarn[39m: GET /api/products/69a50c450e815ab72333bee1
2026-03-02T04:04:21.324Z [33mwarn[39m: GET /api/products
2026-03-02T04:04:21.335Z [33mwarn[39m: POST /api/products
2026-03-02T04:04:21.341Z [33mwarn[39m: POST /api/products
2026-03-02T04:04:21.346Z [33mwarn[39m: POST /api/products
2026-03-02T04:04:21.351Z [33mwarn[39m: POST /api/products
2026-03-02T04:04:21.355Z [33mwarn[39m: POST /api/products
2026-03-02T04:04:21.360Z [33mwarn[39m: POST /api/products
2026-03-02T04:04:21.373Z [33mwarn[39m: POST /api/products
2026-03-02T04:04:21.380Z [33mwarn[39m: POST /api/products
2026-03-02T04:04:21.383Z [33mwarn[39m: POST /api/products
2026-03-02T04:04:21.389Z [33mwarn[39m: POST /api/products
2026-03-02T04:04:21.394Z [33mwarn[39m: POST /api/products
2026-03-02T04:04:21.397Z [33mwarn[39m: PUT /api/products/69a50c450e815ab72333bf2f
2026-03-02T04:04:21.404Z [33mwarn[39m: POST /api/products
2026-03-02T04:04:21.406Z [33mwarn[39m: DELETE /api/products/69a50c450e815ab72333bf37
2026-03-02T04:04:21.411Z [33mwarn[39m: PUT /api/products/c3fe7eb8076e4de58d8d87c5
2026-03-02T04:04:21.416Z [33mwarn[39m: DELETE /api/products/6976e898854bf6d42c512e48
2026-03-02T04:04:22.799Z [33mwarn[39m: POST /api/comments
2026-03-02T04:04:22.816Z [33mwarn[39m: POST /api/comments
2026-03-02T04:04:22.821Z [33mwarn[39m: POST /api/comments
2026-03-02T04:04:22.825Z [33mwarn[39m: POST /api/comments
2026-03-02T04:04:22.831Z [33mwarn[39m: POST /api/comments
2026-03-02T04:04:22.835Z [33mwarn[39m: POST /api/comments
2026-03-02T04:04:22.852Z [33mwarn[39m: POST /api/comments
2026-03-02T04:04:22.854Z [33mwarn[39m: POST /api/comments
2026-03-02T04:04:23.721Z [33mwarn[39m: POST /api/users
2026-03-02T04:04:23.744Z [33mwarn[39m: POST /api/users
2026-03-02T04:04:23.749Z [33mwarn[39m: POST /api/users
2026-03-02T04:04:23.756Z [33mwarn[39m: GET /api/users
2026-03-02T04:04:23.764Z [33mwarn[39m: POST /api/users
2026-03-02T04:04:23.768Z [33mwarn[39m: PUT /api/users
2026-03-02T04:04:23.772Z [33mwarn[39m: POST /api/users
2026-03-02T04:04:23.775Z [33mwarn[39m: DELETE /api/users
2026-03-02T04:04:24.386Z [33mwarn[39m: GET /api/products/69a50c48eb8b58ea12f32084
2026-03-02T04:04:24.402Z [33mwarn[39m: GET /api/products
2026-03-02T04:04:24.414Z [33mwarn[39m: POST /api/products
2026-03-02T04:04:24.419Z [33mwarn[39m: POST /api/products
2026-03-02T04:04:24.424Z [33mwarn[39m: POST /api/products
2026-03-02T04:04:24.428Z [33mwarn[39m: POST /api/products
2026-03-02T04:04:24.432Z [33mwarn[39m: POST /api/products
2026-03-02T04:04:24.436Z [33mwarn[39m: POST /api/products
2026-03-02T04:04:24.445Z [33mwarn[39m: POST /api/products
2026-03-02T04:04:24.450Z [33mwarn[39m: POST /api/products
2026-03-02T04:04:24.453Z [33mwarn[39m: POST /api/products
2026-03-02T04:04:24.458Z [33mwarn[39m: POST /api/products
2026-03-02T04:04:24.461Z [33mwarn[39m: POST /api/products
2026-03-02T04:04:24.464Z [33mwarn[39m: PUT /api/products/69a50c48eb8b58ea12f320d2
2026-03-02T04:04:24.470Z [33mwarn[39m: POST /api/products
2026-03-02T04:04:24.472Z [33mwarn[39m: DELETE /api/products/69a50c48eb8b58ea12f320da
2026-03-02T04:04:24.477Z [33mwarn[39m: PUT /api/products/c3fe7eb8076e4de58d8d87c5
2026-03-02T04:04:24.481Z [33mwarn[39m: DELETE /api/products/6976e898854bf6d42c512e48
2026-03-02T04:11:04.502Z [33mwarn[39m: POST /api/comments
2026-03-02T04:11:04.520Z [33mwarn[39m: POST /api/comments
2026-03-02T04:11:04.526Z [33mwarn[39m: POST /api/comments
2026-03-02T04:11:04.533Z [33mwarn[39m: POST /api/comments
2026-03-02T04:11:04.538Z [33mwarn[39m: POST /api/comments
2026-03-02T04:11:04.543Z [33mwarn[39m: POST /api/comments
2026-03-02T04:11:04.550Z [33mwarn[39m: POST /api/comments
2026-03-02T04:11:04.552Z [33mwarn[39m: POST /api/comments
2026-03-02T04:11:05.272Z [33mwarn[39m: POST /api/users
2026-03-02T04:11:05.290Z [33mwarn[39m: POST /api/users
2026-03-02T04:11:05.294Z [33mwarn[39m: POST /api/users
2026-03-02T04:11:05.300Z [33mwarn[39m: GET /api/users
2026-03-02T04:11:05.307Z [33mwarn[39m: POST /api/users
2026-03-02T04:11:05.309Z [33mwarn[39m: PUT /api/users
2026-03-02T04:11:05.313Z [33mwarn[39m: POST /api/users
2026-03-02T04:11:05.316Z [33mwarn[39m: DELETE /api/users
2026-03-02T04:11:06.280Z [33mwarn[39m: GET /api/products/69a50dda2216e3701067bb17
2026-03-02T04:11:06.293Z [33mwarn[39m: GET /api/products
2026-03-02T04:11:06.302Z [33mwarn[39m: POST /api/products
2026-03-02T04:11:06.306Z [33mwarn[39m: POST /api/products
2026-03-02T04:11:06.310Z [33mwarn[39m: POST /api/products
2026-03-02T04:11:06.314Z [33mwarn[39m: POST /api/products
2026-03-02T04:11:06.318Z [33mwarn[39m: POST /api/products
2026-03-02T04:11:06.322Z [33mwarn[39m: POST /api/products
2026-03-02T04:11:06.351Z [33mwarn[39m: POST /api/products
2026-03-02T04:11:06.360Z [33mwarn[39m: POST /api/products
2026-03-02T04:11:06.364Z [33mwarn[39m: POST /api/products
2026-03-02T04:11:06.370Z [33mwarn[39m: POST /api/products
2026-03-02T04:11:06.375Z [33mwarn[39m: POST /api/products
2026-03-02T04:11:06.378Z [33mwarn[39m: PUT /api/products/69a50dda2216e3701067bb65
2026-03-02T04:11:06.387Z [33mwarn[39m: POST /api/products
2026-03-02T04:11:06.389Z [33mwarn[39m: DELETE /api/products/69a50dda2216e3701067bb6d
2026-03-02T04:11:06.394Z [33mwarn[39m: PUT /api/products/c3fe7eb8076e4de58d8d87c5
2026-03-02T04:11:06.399Z [33mwarn[39m: DELETE /api/products/6976e898854bf6d42c512e48
2026-03-02T04:11:13.114Z [33mwarn[39m: POST /api/comments
2026-03-02T04:11:13.128Z [33mwarn[39m: POST /api/comments
2026-03-02T04:11:13.134Z [33mwarn[39m: POST /api/comments
2026-03-02T04:11:13.138Z [33mwarn[39m: POST /api/comments
2026-03-02T04:11:13.143Z [33mwarn[39m: POST /api/comments
2026-03-02T04:11:13.147Z [33mwarn[39m: POST /api/comments
2026-03-02T04:11:13.152Z [33mwarn[39m: POST /api/comments
2026-03-02T04:11:13.154Z [33mwarn[39m: POST /api/comments
2026-03-02T04:11:13.933Z [33mwarn[39m: POST /api/users
2026-03-02T04:11:13.953Z [33mwarn[39m: POST /api/users
2026-03-02T04:11:13.957Z [33mwarn[39m: POST /api/users
2026-03-02T04:11:13.963Z [33mwarn[39m: GET /api/users
2026-03-02T04:11:13.970Z [33mwarn[39m: POST /api/users
2026-03-02T04:11:13.973Z [33mwarn[39m: PUT /api/users
2026-03-02T04:11:13.977Z [33mwarn[39m: POST /api/users
2026-03-02T04:11:13.980Z [33mwarn[39m: DELETE /api/users
2026-03-02T04:11:14.958Z [33mwarn[39m: GET /api/products/69a50de2ae641bc855a55608
2026-03-02T04:11:14.971Z [33mwarn[39m: GET /api/products
2026-03-02T04:11:14.981Z [33mwarn[39m: POST /api/products
2026-03-02T04:11:14.985Z [33mwarn[39m: POST /api/products
2026-03-02T04:11:14.989Z [33mwarn[39m: POST /api/products
2026-03-02T04:11:14.993Z [33mwarn[39m: POST /api/products
2026-03-02T04:11:14.997Z [33mwarn[39m: POST /api/products
2026-03-02T04:11:15.001Z [33mwarn[39m: POST /api/products
2026-03-02T04:11:15.011Z [33mwarn[39m: POST /api/products
2026-03-02T04:11:15.017Z [33mwarn[39m: POST /api/products
2026-03-02T04:11:15.019Z [33mwarn[39m: POST /api/products
2026-03-02T04:11:15.024Z [33mwarn[39m: POST /api/products
2026-03-02T04:11:15.028Z [33mwarn[39m: POST /api/products
2026-03-02T04:11:15.030Z [33mwarn[39m: PUT /api/products/69a50de3ae641bc855a55656
2026-03-02T04:11:15.036Z [33mwarn[39m: POST /api/products
2026-03-02T04:11:15.039Z [33mwarn[39m: DELETE /api/products/69a50de3ae641bc855a5565e
2026-03-02T04:11:15.043Z [33mwarn[39m: PUT /api/products/c3fe7eb8076e4de58d8d87c5
2026-03-02T04:11:15.047Z [33mwarn[39m: DELETE /api/products/6976e898854bf6d42c512e48
2026-03-02T04:16:17.912Z [33mwarn[39m: POST /api/users
2026-03-02T04:16:17.933Z [33mwarn[39m: POST /api/users
2026-03-02T04:16:17.938Z [33mwarn[39m: POST /api/users
2026-03-02T04:16:17.944Z [33mwarn[39m: GET /api/users
2026-03-02T04:16:17.951Z [33mwarn[39m: POST /api/users
2026-03-02T04:16:17.955Z [33mwarn[39m: PUT /api/users
2026-03-02T04:16:17.960Z [33mwarn[39m: POST /api/users
2026-03-02T04:16:17.963Z [33mwarn[39m: DELETE /api/users
2026-03-02T04:16:18.770Z [33mwarn[39m: GET /api/products/69a50f127d2e982fa0e65ec5
2026-03-02T04:16:18.784Z [33mwarn[39m: GET /api/products
2026-03-02T04:16:18.793Z [33mwarn[39m: POST /api/products
2026-03-02T04:16:18.799Z [33mwarn[39m: POST /api/products
2026-03-02T04:16:18.802Z [33mwarn[39m: POST /api/products
2026-03-02T04:16:18.806Z [33mwarn[39m: POST /api/products
2026-03-02T04:16:18.810Z [33mwarn[39m: POST /api/products
2026-03-02T04:16:18.814Z [33mwarn[39m: POST /api/products
2026-03-02T04:16:18.825Z [33mwarn[39m: POST /api/products
2026-03-02T04:16:18.831Z [33mwarn[39m: POST /api/products
2026-03-02T04:16:18.834Z [33mwarn[39m: POST /api/products
2026-03-02T04:16:18.839Z [33mwarn[39m: POST /api/products
2026-03-02T04:16:18.842Z [33mwarn[39m: POST /api/products
2026-03-02T04:16:18.845Z [33mwarn[39m: PUT /api/products/69a50f127d2e982fa0e65f13
2026-03-02T04:16:18.855Z [33mwarn[39m: POST /api/products
2026-03-02T04:16:18.859Z [33mwarn[39m: DELETE /api/products/69a50f127d2e982fa0e65f1b
2026-03-02T04:16:18.865Z [33mwarn[39m: PUT /api/products/c3fe7eb8076e4de58d8d87c5
2026-03-02T04:16:19.073Z [33mwarn[39m: DELETE /api/products/6976e898854bf6d42c512e48
2026-03-02T04:16:30.291Z [33mwarn[39m: POST /api/users
2026-03-02T04:16:30.308Z [33mwarn[39m: POST /api/users
2026-03-02T04:16:30.312Z [33mwarn[39m: POST /api/users
2026-03-02T04:16:30.318Z [33mwarn[39m: GET /api/users
2026-03-02T04:16:30.325Z [33mwarn[39m: POST /api/users
2026-03-02T04:16:30.330Z [33mwarn[39m: PUT /api/users
2026-03-02T04:16:30.335Z [33mwarn[39m: POST /api/users
2026-03-02T04:16:30.338Z [33mwarn[39m: DELETE /api/users
2026-03-02T04:16:31.024Z [33mwarn[39m: GET /api/products/69a50f1fb470c2204d6bd6e5
2026-03-02T04:16:31.042Z [33mwarn[39m: GET /api/products
2026-03-02T04:16:31.055Z [33mwarn[39m: POST /api/products
2026-03-02T04:16:31.062Z [33mwarn[39m: POST /api/products
2026-03-02T04:16:31.068Z [33mwarn[39m: POST /api/products
2026-03-02T04:16:31.073Z [33mwarn[39m: POST /api/products
2026-03-02T04:16:31.078Z [33mwarn[39m: POST /api/products
2026-03-02T04:16:31.083Z [33mwarn[39m: POST /api/products
2026-03-02T04:16:31.097Z [33mwarn[39m: POST /api/products
2026-03-02T04:16:31.105Z [33mwarn[39m: POST /api/products
2026-03-02T04:16:31.109Z [33mwarn[39m: POST /api/products
2026-03-02T04:16:31.117Z [33mwarn[39m: POST /api/products
2026-03-02T04:16:31.124Z [33mwarn[39m: POST /api/products
2026-03-02T04:16:31.128Z [33mwarn[39m: PUT /api/products/69a50f1fb470c2204d6bd732
2026-03-02T04:16:31.138Z [33mwarn[39m: POST /api/products
2026-03-02T04:16:31.142Z [33mwarn[39m: DELETE /api/products/69a50f1fb470c2204d6bd73a
2026-03-02T04:16:31.148Z [33mwarn[39m: PUT /api/products/c3fe7eb8076e4de58d8d87c5
2026-03-02T04:16:31.156Z [33mwarn[39m: DELETE /api/products/6976e898854bf6d42c512e48
2026-03-02T04:16:31.984Z [33mwarn[39m: POST /api/comments
2026-03-02T04:16:31.998Z [33mwarn[39m: POST /api/comments
2026-03-02T04:16:32.003Z [33mwarn[39m: POST /api/comments
2026-03-02T04:16:32.007Z [33mwarn[39m: POST /api/comments
2026-03-02T04:16:32.012Z [33mwarn[39m: POST /api/comments
2026-03-02T04:16:32.015Z [33mwarn[39m: POST /api/comments
2026-03-02T04:16:32.022Z [33mwarn[39m: POST /api/comments
2026-03-02T04:16:32.024Z [33mwarn[39m: POST /api/comments
2026-03-02T04:16:49.030Z [33mwarn[39m: POST /api/users
2026-03-02T04:16:49.048Z [33mwarn[39m: POST /api/users
2026-03-02T04:16:49.052Z [33mwarn[39m: POST /api/users
2026-03-02T04:16:49.058Z [33mwarn[39m: GET /api/users
2026-03-02T04:16:49.066Z [33mwarn[39m: POST /api/users
2026-03-02T04:16:49.069Z [33mwarn[39m: PUT /api/users
2026-03-02T04:16:49.074Z [33mwarn[39m: POST /api/users
2026-03-02T04:16:49.076Z [33mwarn[39m: DELETE /api/users
2026-03-02T04:16:49.687Z [33mwarn[39m: POST /api/comments
2026-03-02T04:16:49.703Z [33mwarn[39m: POST /api/comments
2026-03-02T04:16:49.707Z [33mwarn[39m: POST /api/comments
2026-03-02T04:16:49.711Z [33mwarn[39m: POST /api/comments
2026-03-02T04:16:49.715Z [33mwarn[39m: POST /api/comments
2026-03-02T04:16:49.719Z [33mwarn[39m: POST /api/comments
2026-03-02T04:16:49.728Z [33mwarn[39m: POST /api/comments
2026-03-02T04:16:49.731Z [33mwarn[39m: POST /api/comments
2026-03-02T04:16:50.318Z [33mwarn[39m: GET /api/products/69a50f32af5a2afabf51071a
2026-03-02T04:16:50.332Z [33mwarn[39m: GET /api/products
2026-03-02T04:16:50.340Z [33mwarn[39m: POST /api/products
2026-03-02T04:16:50.345Z [33mwarn[39m: POST /api/products
2026-03-02T04:16:50.349Z [33mwarn[39m: POST /api/products
2026-03-02T04:16:50.353Z [33mwarn[39m: POST /api/products
2026-03-02T04:16:50.357Z [33mwarn[39m: POST /api/products
2026-03-02T04:16:50.361Z [33mwarn[39m: POST /api/products
2026-03-02T04:16:50.371Z [33mwarn[39m: POST /api/products
2026-03-02T04:16:50.379Z [33mwarn[39m: POST /api/products
2026-03-02T04:16:50.383Z [33mwarn[39m: POST /api/products
2026-03-02T04:16:50.389Z [33mwarn[39m: POST /api/products
2026-03-02T04:16:50.393Z [33mwarn[39m: POST /api/products
2026-03-02T04:16:50.395Z [33mwarn[39m: PUT /api/products/69a50f32af5a2afabf510768
2026-03-02T04:16:50.402Z [33mwarn[39m: POST /api/products
2026-03-02T04:16:50.404Z [33mwarn[39m: DELETE /api/products/69a50f32af5a2afabf510770
2026-03-02T04:16:50.408Z [33mwarn[39m: PUT /api/products/c3fe7eb8076e4de58d8d87c5
2026-03-02T04:16:50.412Z [33mwarn[39m: DELETE /api/products/6976e898854bf6d42c512e48
2026-03-02T04:21:16.830Z [33mwarn[39m: GET /
2026-03-02T04:21:17.089Z [33mwarn[39m: GET /favicon.ico
2026-03-02T04:21:21.337Z [33mwarn[39m: GET /
2026-03-02T04:21:22.377Z [33mwarn[39m: GET /
2026-03-02T04:21:22.681Z [33mwarn[39m: GET /
2026-03-02T04:21:49.742Z [33mwarn[39m: GET /api/comment
2026-03-02T04:21:51.777Z [33mwarn[39m: GET /api/comment
2026-03-02T04:22:34.331Z [33mwarn[39m: GET /api/comments
2026-03-02T04:27:28.745Z [31merror[39m: Expected property name or '}' in JSON at position 7 (line 2 column 5)
2026-03-02T04:28:26.747Z [31merror[39m: Expected property name or '}' in JSON at position 7 (line 2 column 5)
2026-03-02T04:28:27.842Z [31merror[39m: Expected property name or '}' in JSON at position 7 (line 2 column 5)
2026-03-02T04:28:28.696Z [31merror[39m: Expected property name or '}' in JSON at position 7 (line 2 column 5)
2026-03-02T04:28:29.480Z [31merror[39m: Expected property name or '}' in JSON at position 7 (line 2 column 5)
2026-03-02T04:28:31.761Z [31merror[39m: Expected property name or '}' in JSON at position 7 (line 2 column 5)
2026-03-02T04:28:32.143Z [31merror[39m: Expected property name or '}' in JSON at position 7 (line 2 column 5)
2026-03-02T04:28:32.352Z [31merror[39m: Expected property name or '}' in JSON at position 7 (line 2 column 5)
2026-03-02T04:28:32.561Z [31merror[39m: Expected property name or '}' in JSON at position 7 (line 2 column 5)
2026-03-02T04:28:32.760Z [31merror[39m: Expected property name or '}' in JSON at position 7 (line 2 column 5)
2026-03-02T04:28:33.040Z [31merror[39m: Expected property name or '}' in JSON at position 7 (line 2 column 5)
2026-03-02T04:28:33.304Z [31merror[39m: Expected property name or '}' in JSON at position 7 (line 2 column 5)
2026-03-02T04:28:33.527Z [31merror[39m: Expected property name or '}' in JSON at position 7 (line 2 column 5)
2026-03-02T04:28:33.736Z [31merror[39m: Expected property name or '}' in JSON at position 7 (line 2 column 5)
2026-03-02T04:28:33.928Z [31merror[39m: Expected property name or '}' in JSON at position 7 (line 2 column 5)
2026-03-02T04:28:34.128Z [31merror[39m: Expected property name or '}' in JSON at position 7 (line 2 column 5)
2026-03-02T04:28:34.328Z [31merror[39m: Expected property name or '}' in JSON at position 7 (line 2 column 5)
2026-03-02T04:28:34.544Z [31merror[39m: Expected property name or '}' in JSON at position 7 (line 2 column 5)
2026-03-02T04:28:34.752Z [31merror[39m: Expected property name or '}' in JSON at position 7 (line 2 column 5)
2026-03-02T04:28:34.952Z [31merror[39m: Expected property name or '}' in JSON at position 7 (line 2 column 5)
2026-03-02T04:28:35.159Z [31merror[39m: Expected property name or '}' in JSON at position 7 (line 2 column 5)
2026-03-02T04:28:35.504Z [31merror[39m: Expected property name or '}' in JSON at position 7 (line 2 column 5)
2026-03-02T04:28:35.744Z [31merror[39m: Expected property name or '}' in JSON at position 7 (line 2 column 5)
2026-03-02T04:28:40.234Z [33mwarn[39m: POST /api/comments
2026-03-02T04:28:46.651Z [33mwarn[39m: GET /api/comments
2026-03-09T03:03:18.795Z [33mwarn[39m: GET /
2026-03-09T03:03:19.014Z [33mwarn[39m: GET /favicon.ico
2026-03-09T03:04:00.541Z [33mwarn[39m: POST //api/users
2026-03-09T03:04:14.164Z [33mwarn[39m: POST /api/users
2026-03-09T03:04:18.514Z [33mwarn[39m: GET /api/users
2026-03-16T04:00:54.486Z [33mwarn[39m: GET /
2026-03-16T04:00:54.771Z [33mwarn[39m: GET /favicon.ico
2026-03-16T04:51:08.860Z [33mwarn[39m: GET /
2026-03-16T05:54:30.899Z [33mwarn[39m: GET /api/products?filter=
2026-03-16T05:54:41.930Z [33mwarn[39m: GET /api/products?filter=
2026-03-16T05:58:18.746Z [33mwarn[39m: POST /api/products
2026-03-16T05:58:32.135Z [33mwarn[39m: GET /api/products?filter=
2026-03-16T05:59:11.163Z [33mwarn[39m: GET /api/products?filter=
2026-03-16T05:59:39.081Z [33mwarn[39m: GET /api/products
2026-03-16T05:59:58.132Z [33mwarn[39m: GET /api/products?filter=
2026-03-16T06:00:13.741Z [33mwarn[39m: GET /api/products?filter=
2026-03-16T06:02:50.660Z [33mwarn[39m: GET /
2026-03-16T06:02:52.579Z [33mwarn[39m: GET /
2026-03-16T06:03:14.124Z [33mwarn[39m: GET /api/products?filter=
2026-03-16T06:03:30.163Z [33mwarn[39m: GET /api/products?filter=
2026-03-16T06:04:15.940Z [33mwarn[39m: GET /api/products?filter=
2026-03-16T06:04:19.032Z [33mwarn[39m: GET /api/products?filter=
2026-03-23T03:10:46.829Z [33mwarn[39m: GET /api/products?filter=
2026-03-23T03:10:49.987Z [33mwarn[39m: GET /api/products?filter=
2026-03-23T03:10:51.963Z [33mwarn[39m: GET /api/products?filter=
2026-03-23T03:11:42.590Z [33mwarn[39m: GET /api/products?filter=
2026-03-23T03:11:52.592Z [33mwarn[39m: GET /api/products?filter=
2026-03-23T03:11:59.602Z [33mwarn[39m: GET /api/products?filter=
2026-03-23T03:12:00.601Z [33mwarn[39m: GET /api/products?filter=
2026-03-23T03:13:37.598Z [33mwarn[39m: GET /api/products?filter=
2026-03-23T03:14:47.591Z [33mwarn[39m: GET /api/products?filter=
2026-03-23T03:18:08.596Z [33mwarn[39m: GET /api/products?filter=
2026-03-23T03:18:15.654Z [33mwarn[39m: GET /api/products?filter=
2026-03-23T03:18:17.598Z [33mwarn[39m: GET /api/products?filter=
2026-03-23T03:18:18.595Z [33mwarn[39m: GET /api/products?filter=
2026-03-23T03:18:25.596Z [33mwarn[39m: GET /api/products?filter=
2026-03-23T03:18:37.592Z [33mwarn[39m: GET /api/products?filter=
2026-03-23T03:19:33.602Z [33mwarn[39m: GET /api/products?filter=
2026-03-23T03:19:59.607Z [33mwarn[39m: GET /api/products?filter=
2026-03-23T03:20:17.603Z [33mwarn[39m: GET /api/products?filter=
2026-03-23T03:20:21.594Z [33mwarn[39m: GET /api/products?filter=
2026-03-23T03:20:24.597Z [33mwarn[39m: GET /api/products?filter=
2026-04-06T03:19:33.812Z [33mwarn[39m: GET /
2026-04-06T03:19:34.879Z [33mwarn[39m: GET /favicon.ico
2026-04-06T03:36:31.817Z [33mwarn[39m: GET /api/products?find=&page=1&pagesize=5&sort=name&sortdir=1
2026-04-06T03:36:38.117Z [33mwarn[39m: GET /api/products?find=&page=1&pagesize=5&sort=name&sortdir=1
2026-04-06T03:36:39.251Z [33mwarn[39m: GET /api/products?find=&page=1&pagesize=5&sort=name&sortdir=1
2026-04-06T03:36:49.473Z [33mwarn[39m: GET /api/products?find=&page=1&pagesize=5&sort=name&sortdir=1
2026-04-06T03:36:52.831Z [33mwarn[39m: GET /api/products?find=&page=1&pagesize=5&sort=name&sortdir=1
2026-04-06T03:37:12.570Z [33mwarn[39m: GET /api/products?find=&page=1&pagesize=5&sort=name&sortdir=1
2026-04-06T03:37:16.118Z [33mwarn[39m: GET /api/products?find=&page=1&pagesize=5&sort=name&sortdir=1
2026-04-06T04:01:27.910Z [33mwarn[39m: GET /api/products?find=&page=1&pagesize=5&sort=name&sortdir=1
2026-04-06T04:03:45.957Z [33mwarn[39m: GET /api/products?find=&page=1&pagesize=5&sort=name&sortdir=1
2026-04-06T04:05:16.154Z [33mwarn[39m: GET /api/products?find=&page=1&pagesize=5&sort=name&sortdir=1
2026-04-06T04:05:19.288Z [33mwarn[39m: GET /api/products?find=&page=1&pagesize=5&sort=name&sortdir=1
2026-04-06T04:05:24.634Z [33mwarn[39m: GET /api/products?find=&page=1&pagesize=5&sort=name&sortdir=1
2026-04-06T04:23:52.351Z [33mwarn[39m: GET /api/posts?find=&page=1&pagesize=5&sort=name&sortdir=1
2026-04-06T04:24:04.925Z [33mwarn[39m: GET /api/posts?find=&page=1&pagesize=5&sort=name&sortdir=1
2026-04-06T04:24:09.723Z [33mwarn[39m: GET /api/posts?find=&page=1&pagesize=5&sort=name&sortdir=1
2026-04-06T04:24:31.014Z [33mwarn[39m: OPTIONS /api/posts
2026-04-06T04:24:32.365Z [33mwarn[39m: OPTIONS /api/posts
2026-04-06T04:24:32.501Z [33mwarn[39m: OPTIONS /api/posts
2026-04-06T04:24:32.644Z [33mwarn[39m: OPTIONS /api/posts
2026-04-06T04:24:32.772Z [33mwarn[39m: OPTIONS /api/posts
2026-04-06T04:24:32.901Z [33mwarn[39m: OPTIONS /api/posts
2026-04-06T04:24:33.806Z [33mwarn[39m: GET /api/posts?find=&page=1&pagesize=5&sort=name&sortdir=1
2026-04-06T04:24:42.191Z [33mwarn[39m: GET /api/posts?find=&page=1&pagesize=5&sort=name&sortdir=1
2026-04-06T04:25:36.986Z [33mwarn[39m: GET /api/posts?find=&page=1&pagesize=5&sort=name&sortdir=1
2026-04-06T04:25:36.989Z [33mwarn[39m: GET /api/posts?find=&page=1&pagesize=5&sort=name&sortdir=1
2026-04-06T04:25:47.550Z [33mwarn[39m: OPTIONS /api/posts
2026-04-06T04:25:47.956Z [33mwarn[39m: OPTIONS /api/posts
2026-04-06T04:25:48.092Z [33mwarn[39m: OPTIONS /api/posts
2026-04-06T04:25:48.228Z [33mwarn[39m: OPTIONS /api/posts
2026-04-06T04:25:48.356Z [33mwarn[39m: OPTIONS /api/posts
2026-04-06T04:25:48.476Z [33mwarn[39m: OPTIONS /api/posts
2026-04-06T04:26:55.905Z [33mwarn[39m: GET /api/posts?find=&page=1&pagesize=5&sort=name&sortdir=1
2026-04-06T04:27:40.044Z [33mwarn[39m: OPTIONS /api/posts
2026-04-06T04:27:40.220Z [33mwarn[39m: OPTIONS /api/posts
2026-04-06T04:27:40.347Z [33mwarn[39m: OPTIONS /api/posts
2026-04-06T04:27:40.485Z [33mwarn[39m: OPTIONS /api/posts
2026-04-06T04:27:40.611Z [33mwarn[39m: OPTIONS /api/posts
2026-04-06T04:27:40.747Z [33mwarn[39m: OPTIONS /api/posts
2026-04-06T04:27:45.207Z [33mwarn[39m: GET /api/posts?find=&page=1&pagesize=5&sort=name&sortdir=1
2026-04-06T04:34:38.665Z [33mwarn[39m: OPTIONS /api/posts
2026-04-06T04:35:55.739Z [33mwarn[39m: GET /api/products?find=&page=1&pagesize=5&sort=name&sortdir=1
2026-04-06T04:36:02.125Z [33mwarn[39m: OPTIONS /api/products
2026-04-06T04:38:13.028Z [33mwarn[39m: GET /api/products
2026-04-06T04:39:39.824Z [33mwarn[39m: OPTIONS /api/products
2026-04-06T04:41:24.425Z [33mwarn[39m: OPTIONS /api/products
2026-04-06T04:48:24.256Z [33mwarn[39m: OPTIONS /api/products
2026-04-06T04:48:27.237Z [33mwarn[39m: OPTIONS /api/products
2026-04-06T04:49:00.126Z [33mwarn[39m: OPTIONS /api/products
2026-04-06T04:55:48.643Z [33mwarn[39m: OPTIONS /api/posts
2026-04-06T04:55:51.491Z [33mwarn[39m: OPTIONS /api/posts
2026-04-06T04:59:16.692Z [33mwarn[39m: GET /api/products?find=&page=1&pagesize=5&sort=name&sortdir=1
2026-04-06T04:59:28.523Z [33mwarn[39m: OPTIONS /api/products
2026-04-06T04:59:43.521Z [33mwarn[39m: OPTIONS /api/products
2026-04-06T05:01:27.795Z [33mwarn[39m: GET /api/posts?find=&page=1&pagesize=5&sort=name&sortdir=1
2026-04-06T05:01:38.980Z [33mwarn[39m: OPTIONS /api/posts
2026-04-06T05:02:58.432Z [33mwarn[39m: GET /api/products?find=&page=1&pagesize=5&sort=name&sortdir=1
2026-04-06T05:03:12.513Z [33mwarn[39m: OPTIONS /api/products
2026-04-06T05:06:15.584Z [33mwarn[39m: GET /api/products
2026-04-06T05:06:33.011Z [33mwarn[39m: GET /api/products?find=&page=1&pagesize=5&sort=name&sortdir=1
2026-04-06T05:06:39.957Z [33mwarn[39m: OPTIONS /api/products
2026-04-06T05:06:40.738Z [33mwarn[39m: OPTIONS /api/products
2026-04-06T05:06:40.930Z [33mwarn[39m: OPTIONS /api/products
2026-04-06T05:06:41.138Z [33mwarn[39m: OPTIONS /api/products
2026-04-06T05:06:41.322Z [33mwarn[39m: OPTIONS /api/products
2026-04-06T05:06:41.498Z [33mwarn[39m: OPTIONS /api/products
2026-04-06T05:06:41.690Z [33mwarn[39m: OPTIONS /api/products
2026-04-06T05:06:41.882Z [33mwarn[39m: OPTIONS /api/products
2026-04-06T05:06:42.098Z [33mwarn[39m: OPTIONS /api/products
2026-04-06T05:06:49.115Z [33mwarn[39m: GET /
2026-04-06T05:07:21.635Z [33mwarn[39m: OPTIONS /api/products
2026-04-06T05:07:40.245Z [33mwarn[39m: OPTIONS /api/products
2026-04-06T05:07:40.450Z [33mwarn[39m: OPTIONS /api/products
2026-04-06T05:07:40.626Z [33mwarn[39m: OPTIONS /api/products
2026-04-06T05:07:49.763Z [33mwarn[39m: GET /api/products?find=&page=1&pagesize=5&sort=name&sortdir=1
2026-04-06T05:07:51.363Z [33mwarn[39m: GET /api/products?find=&page=1&pagesize=5&sort=name&sortdir=1
2026-04-06T05:07:53.944Z [33mwarn[39m: GET /api/products?find=&page=1&pagesize=5&sort=name&sortdir=1
2026-04-06T05:07:54.312Z [33mwarn[39m: GET /api/products?find=&page=1&pagesize=5&sort=name&sortdir=1
2026-04-06T05:07:54.657Z [33mwarn[39m: GET /api/products?find=&page=1&pagesize=5&sort=name&sortdir=1
2026-04-06T05:07:55.056Z [33mwarn[39m: GET /api/products?find=&page=1&pagesize=5&sort=name&sortdir=1
2026-04-06T05:09:31.417Z [33mwarn[39m: GET /api/products?find=&page=1&pagesize=5&sort=name&sortdir=1
2026-04-06T05:11:19.105Z [33mwarn[39m: GET /api/products?find=&page=1&pagesize=5&sort=name&sortdir=1
2026-04-06T05:11:34.404Z [33mwarn[39m: OPTIONS /api/products
2026-04-06T05:11:35.434Z [33mwarn[39m: OPTIONS /api/products
2026-04-06T05:11:49.744Z [33mwarn[39m: OPTIONS /api/products
2026-04-06T05:15:53.131Z [33mwarn[39m: OPTIONS /api/products
2026-04-06T05:15:53.298Z [33mwarn[39m: OPTIONS /api/products
2026-04-06T05:15:53.425Z [33mwarn[39m: OPTIONS /api/products
2026-04-06T05:15:53.578Z [33mwarn[39m: OPTIONS /api/products
2026-04-06T05:15:53.714Z [33mwarn[39m: OPTIONS /api/products
2026-04-06T05:15:53.842Z [33mwarn[39m: OPTIONS /api/products
2026-04-06T05:18:40.687Z [33mwarn[39m: OPTIONS /api/products
2026-04-06T05:23:00.886Z [33mwarn[39m: OPTIONS /api/products
2026-04-06T05:23:01.954Z [33mwarn[39m: OPTIONS /api/products
2026-04-06T05:24:25.723Z [33mwarn[39m: OPTIONS /api/products
2026-04-06T05:24:34.826Z [33mwarn[39m: OPTIONS /api/products
2026-04-06T05:27:18.980Z [33mwarn[39m: GET /api/products?find=&page=1&pagesize=5&sort=name&sortdir=1
2026-04-06T05:27:30.471Z [33mwarn[39m: PUT /api/products/69b79bfa8bb8ad96920d62f2
2026-04-06T05:27:30.552Z [33mwarn[39m: GET /api/products?find=&page=1&pagesize=5&sort=name&sortdir=1
2026-04-06T05:27:37.092Z [33mwarn[39m: GET /api/posts?find=&page=1&pagesize=5&sort=name&sortdir=1
2026-04-06T05:27:44.055Z [33mwarn[39m: POST /api/posts
2026-04-06T05:28:46.404Z [33mwarn[39m: GET /api/posts?find=&page=1&pagesize=5&sort=name&sortdir=1
2026-04-06T05:28:55.536Z [33mwarn[39m: POST /api/posts
2026-04-06T05:29:09.676Z [33mwarn[39m: POST /api/posts
2026-04-06T05:29:09.739Z [33mwarn[39m: GET /api/posts?find=&page=1&pagesize=5&sort=name&sortdir=1
2026-04-06T05:29:15.381Z [33mwarn[39m: PUT /api/posts/69d344a5b1ee6c8246767bcf
2026-04-06T05:29:15.438Z [33mwarn[39m: GET /api/posts?find=&page=1&pagesize=5&sort=name&sortdir=1
2026-04-13T02:54:04.040Z [33mwarn[39m: GET /
2026-04-13T02:54:04.143Z [33mwarn[39m: GET /favicon.ico
2026-04-13T02:54:27.157Z [33mwarn[39m: GET /api/products?find=&page=1&pagesize=5&sort=name&sortdir=1
2026-04-13T02:54:32.382Z [33mwarn[39m: GET /api/posts?find=&page=1&pagesize=5&sort=name&sortdir=1
2026-04-13T02:54:42.716Z [33mwarn[39m: GET /api/products?find=&page=1&pagesize=5&sort=name&sortdir=1
2026-04-13T02:54:46.148Z [33mwarn[39m: GET /api/posts?find=&page=1&pagesize=5&sort=name&sortdir=1
2026-04-13T02:54:49.430Z [33mwarn[39m: GET /api/posts?find=&page=1&pagesize=5&sort=name&sortdir=1
2026-04-13T02:55:09.711Z [33mwarn[39m: POST /api/posts
2026-04-13T02:55:46.558Z [33mwarn[39m: POST /api/posts
2026-04-13T02:55:47.302Z [33mwarn[39m: POST /api/posts
2026-04-13T02:55:47.909Z [33mwarn[39m: POST /api/posts
2026-04-13T02:55:58.542Z [33mwarn[39m: GET /api/products?find=&page=1&pagesize=5&sort=name&sortdir=1
2026-04-13T02:56:04.282Z [33mwarn[39m: GET /api/posts?find=&page=1&pagesize=5&sort=name&sortdir=1
2026-04-13T02:56:20.623Z [33mwarn[39m: PUT /api/posts/69d344a5b1ee6c8246767bcf
2026-04-13T02:56:20.680Z [33mwarn[39m: GET /api/posts?find=&page=1&pagesize=5&sort=name&sortdir=1
2026-04-13T03:32:33.724Z [33mwarn[39m: GET /api/products?find=&page=1&pagesize=5&sort=name&sortdir=1
2026-04-13T03:32:42.798Z [33mwarn[39m: GET /api/posts?find=&page=1&pagesize=5&sort=name&sortdir=1
2026-04-13T03:32:51.513Z [33mwarn[39m: GET /api/products?find=&page=1&pagesize=5&sort=name&sortdir=1
2026-04-13T03:45:05.437Z [33mwarn[39m: GET /api/posts?find=&page=1&pagesize=5&sort=name&sortdir=1
2026-04-13T03:45:11.732Z [33mwarn[39m: GET /api/products?find=&page=1&pagesize=5&sort=name&sortdir=1
2026-04-13T03:50:15.517Z [33mwarn[39m: GET /api/orders?find=&page=1&pagesize=10
2026-04-13T03:50:59.429Z [33mwarn[39m: GET /api/orders?find=&page=1&pagesize=10
2026-04-13T03:51:06.968Z [33mwarn[39m: GET /api/orders?find=dyj&page=1&pagesize=10
2026-04-13T03:55:47.992Z [33mwarn[39m: GET /api/orders?find=&page=1&pagesize=10
2026-04-13T03:57:30.350Z [33mwarn[39m: GET /api/orders?find=&page=1&pagesize=10
2026-04-13T03:57:32.552Z [33mwarn[39m: GET /api/orders?find=&page=1&pagesize=10
2026-04-13T03:57:36.199Z [33mwarn[39m: GET /api/orders?find=&page=1&pagesize=10
2026-04-13T03:57:41.282Z [33mwarn[39m: GET /api/orders?find=&page=1&pagesize=10
2026-04-13T03:57:44.590Z [33mwarn[39m: GET /api/orders?find=&page=1&pagesize=10
2026-04-13T03:58:14.972Z [33mwarn[39m: GET /api/orders?find=&page=1&pagesize=10
2026-04-13T03:58:22.851Z [33mwarn[39m: GET /api/orders?find=&page=1&pagesize=10
2026-04-13T04:01:28.699Z [33mwarn[39m: GET /api/orders?find=&page=1&pagesize=10
2026-04-13T04:01:29.810Z [33mwarn[39m: GET /api/orders?find=&page=1&pagesize=10
2026-04-13T04:01:30.501Z [33mwarn[39m: GET /api/orders?find=&page=1&pagesize=10
2026-04-13T04:01:31.051Z [33mwarn[39m: GET /api/orders?find=&page=1&pagesize=10
2026-04-13T04:01:31.494Z [33mwarn[39m: GET /api/orders?find=&page=1&pagesize=10
2026-04-13T04:01:31.750Z [33mwarn[39m: GET /api/orders?find=&page=1&pagesize=10
2026-04-13T04:01:31.970Z [33mwarn[39m: GET /api/orders?find=&page=1&pagesize=10
2026-04-13T04:01:32.146Z [33mwarn[39m: GET /api/orders?find=&page=1&pagesize=10
2026-04-13T04:01:32.717Z [33mwarn[39m: GET /api/orders?find=&page=1&pagesize=10
2026-04-13T04:01:32.963Z [33mwarn[39m: GET /api/orders?find=&page=1&pagesize=10
2026-04-13T04:01:33.130Z [33mwarn[39m: GET /api/orders?find=&page=1&pagesize=10
2026-04-13T04:01:33.341Z [33mwarn[39m: GET /api/orders?find=&page=1&pagesize=10
2026-04-13T04:01:33.556Z [33mwarn[39m: GET /api/orders?find=&page=1&pagesize=10
2026-04-13T04:01:33.780Z [33mwarn[39m: GET /api/orders?find=&page=1&pagesize=10
2026-04-13T04:01:33.986Z [33mwarn[39m: GET /api/orders?find=&page=1&pagesize=10
2026-04-13T04:01:34.193Z [33mwarn[39m: GET /api/orders?find=&page=1&pagesize=10
2026-04-13T04:01:34.419Z [33mwarn[39m: GET /api/orders?find=&page=1&pagesize=10
2026-04-13T04:01:34.691Z [33mwarn[39m: GET /api/orders?find=&page=1&pagesize=10
2026-04-13T04:01:35.347Z [33mwarn[39m: GET /api/orders?find=&page=1&pagesize=10
2026-04-13T04:01:35.560Z [33mwarn[39m: GET /api/orders?find=&page=1&pagesize=10
2026-04-13T04:01:35.812Z [33mwarn[39m: GET /api/orders?find=&page=1&pagesize=10
2026-04-13T04:01:36.026Z [33mwarn[39m: GET /api/orders?find=&page=1&pagesize=10
2026-04-13T04:01:36.244Z [33mwarn[39m: GET /api/orders?find=&page=1&pagesize=10
2026-04-13T04:01:36.596Z [33mwarn[39m: GET /api/orders?find=&page=1&pagesize=10
2026-04-13T04:01:37.144Z [33mwarn[39m: GET /api/orders?find=&page=1&pagesize=10
2026-04-13T04:01:37.356Z [33mwarn[39m: GET /api/orders?find=&page=1&pagesize=10
2026-04-13T04:01:37.593Z [33mwarn[39m: GET /api/orders?find=&page=1&pagesize=10
2026-04-13T04:14:35.754Z [33mwarn[39m: GET /api/orders?find=&page=1&pagesize=10
2026-04-13T04:14:36.480Z [33mwarn[39m: GET /api/orders?find=&page=1&pagesize=10
2026-04-13T04:14:37.166Z [33mwarn[39m: GET /api/orders?find=&page=1&pagesize=10
2026-04-13T04:17:40.160Z [33mwarn[39m: GET /api/orders?find=&page=1&pagesize=10
2026-04-13T04:17:40.935Z [33mwarn[39m: GET /api/orders?find=&page=1&pagesize=10
2026-04-13T04:17:41.421Z [33mwarn[39m: GET /api/orders?find=&page=1&pagesize=10
2026-04-13T04:17:41.840Z [33mwarn[39m: GET /api/orders?find=&page=1&pagesize=10
2026-04-13T04:17:42.294Z [33mwarn[39m: GET /api/orders?find=&page=1&pagesize=10
2026-04-13T04:17:42.696Z [33mwarn[39m: GET /api/orders?find=&page=1&pagesize=10
2026-04-13T04:17:43.105Z [33mwarn[39m: GET /api/orders?find=&page=1&pagesize=10
2026-04-13T04:17:43.435Z [33mwarn[39m: GET /api/orders?find=&page=1&pagesize=10
2026-04-13T04:17:43.715Z [33mwarn[39m: GET /api/orders?find=&page=1&pagesize=10
2026-04-13T04:17:44.013Z [33mwarn[39m: GET /api/orders?find=&page=1&pagesize=10
2026-04-13T04:17:44.305Z [33mwarn[39m: GET /api/orders?find=&page=1&pagesize=10
2026-04-13T04:17:44.575Z [33mwarn[39m: GET /api/orders?find=&page=1&pagesize=10
2026-04-13T04:17:44.841Z [33mwarn[39m: GET /api/orders?find=&page=1&pagesize=10
2026-04-13T04:17:45.128Z [33mwarn[39m: GET /api/orders?find=&page=1&pagesize=10
2026-04-13T04:17:45.377Z [33mwarn[39m: GET /api/orders?find=&page=1&pagesize=10
2026-04-13T04:17:45.622Z [33mwarn[39m: GET /api/orders?find=&page=1&pagesize=10
2026-04-13T04:17:45.912Z [33mwarn[39m: GET /api/orders?find=&page=1&pagesize=10
2026-04-13T04:17:46.150Z [33mwarn[39m: GET /api/orders?find=&page=1&pagesize=10
2026-04-13T04:17:46.412Z [33mwarn[39m: GET /api/orders?find=&page=1&pagesize=10
2026-04-13T04:17:46.661Z [33mwarn[39m: GET /api/orders?find=&page=1&pagesize=10
2026-04-13T04:17:46.881Z [33mwarn[39m: GET /api/orders?find=&page=1&pagesize=10
2026-04-13T04:17:47.148Z [33mwarn[39m: GET /api/orders?find=&page=1&pagesize=10
2026-04-13T04:17:47.407Z [33mwarn[39m: GET /api/orders?find=&page=1&pagesize=10
2026-04-13T04:17:47.681Z [33mwarn[39m: GET /api/orders?find=&page=1&pagesize=10
2026-04-13T04:17:47.926Z [33mwarn[39m: GET /api/orders?find=&page=1&pagesize=10
2026-04-13T04:17:48.176Z [33mwarn[39m: GET /api/orders?find=&page=1&pagesize=10
2026-04-13T04:17:48.432Z [33mwarn[39m: GET /api/orders?find=&page=1&pagesize=10
2026-04-13T04:22:14.303Z [33mwarn[39m: GET /api/orders?find=&page=1&pagesize=10
2026-04-13T04:24:28.633Z [33mwarn[39m: GET /api/orders?find=&page=1&pagesize=5&sort=customerName&sortdir=1
2026-04-13T04:24:37.036Z [33mwarn[39m: GET /api/orders?find=&page=1&pagesize=5&sort=customerName&sortdir=1
2026-04-13T04:24:37.728Z [33mwarn[39m: GET /api/orders?find=&page=1&pagesize=5&sort=customerName&sortdir=1
2026-04-13T04:24:38.282Z [33mwarn[39m: GET /api/orders?find=&page=1&pagesize=5&sort=customerName&sortdir=1
2026-04-13T04:24:38.764Z [33mwarn[39m: GET /api/orders?find=&page=1&pagesize=5&sort=customerName&sortdir=1
2026-04-13T04:24:38.947Z [33mwarn[39m: GET /api/orders?find=&page=1&pagesize=5&sort=customerName&sortdir=1
2026-04-13T04:24:39.143Z [33mwarn[39m: GET /api/orders?find=&page=1&pagesize=5&sort=customerName&sortdir=1
2026-04-13T04:24:55.004Z [33mwarn[39m: GET /api/orders?find=&page=1&pagesize=5&sort=customerName&sortdir=1
2026-04-13T04:25:01.206Z [33mwarn[39m: GET /api/orders?find=&page=1&pagesize=5&sort=customerName&sortdir=1
2026-04-13T04:25:13.394Z [33mwarn[39m: GET /api/orders?find=&page=1&pagesize=10
2026-04-13T04:26:35.612Z [33mwarn[39m: GET /
2026-04-13T04:26:35.697Z [33mwarn[39m: GET /favicon.ico
2026-04-13T04:26:37.456Z [33mwarn[39m: GET /
2026-04-13T04:27:30.526Z [33mwarn[39m: POST /
2026-04-13T04:27:36.394Z [33mwarn[39m: GET /
2026-04-13T04:27:37.035Z [33mwarn[39m: GET /
2026-04-13T04:27:37.643Z [33mwarn[39m: GET /
2026-04-13T04:29:17.941Z [33mwarn[39m: GET /api/products?find=&page=1&pagesize=5&sort=name&sortdir=1
2026-04-13T04:29:33.871Z [33mwarn[39m: GET /api/products?find=&page=1&pagesize=5&sort=name&sortdir=1
2026-04-13T04:29:42.618Z [33mwarn[39m: GET /api/products?find=&page=1&pagesize=5&sort=name&sortdir=1
2026-04-13T04:29:46.206Z [33mwarn[39m: GET /api/orders?find=&page=1&pagesize=10
2026-04-13T04:29:47.484Z [33mwarn[39m: GET /api/products?find=&page=1&pagesize=5&sort=name&sortdir=1
2026-04-13T04:30:41.137Z [33mwarn[39m: GET /api/posts?find=&page=1&pagesize=5&sort=name&sortdir=1
2026-04-13T04:30:57.389Z [33mwarn[39m: GET /api/posts?find=&page=1&pagesize=5&sort=name&sortdir=1
2026-04-13T04:33:05.316Z [33mwarn[39m: GET /api/orders?find=&page=1&pagesize=10
2026-04-13T04:34:25.604Z [33mwarn[39m: GET /api/posts?find=&page=1&pagesize=5&sort=name&sortdir=1
2026-04-13T04:34:58.023Z [33mwarn[39m: GET /api/products?find=&page=1&pagesize=5&sort=name&sortdir=1
2026-04-13T04:35:10.574Z [33mwarn[39m: GET /api/products?find=&page=1&pagesize=5&sort=name&sortdir=1
2026-04-13T04:37:07.794Z [33mwarn[39m: GET /api/posts?find=&page=1&pagesize=5&sort=name&sortdir=1
2026-04-13T04:38:12.560Z [33mwarn[39m: PUT /api/posts/6989773c157d626188539f8e
2026-04-13T04:38:12.617Z [33mwarn[39m: GET /api/posts?find=&page=1&pagesize=5&sort=name&sortdir=1
2026-04-13T04:39:17.696Z [33mwarn[39m: POST /api/Order
2026-04-13T04:39:18.605Z [33mwarn[39m: POST /api/Order
2026-04-13T04:39:19.357Z [33mwarn[39m: POST /api/Order
2026-04-13T04:41:13.248Z [33mwarn[39m: POST /api/orders
2026-04-13T04:41:17.597Z [33mwarn[39m: POST /api/orders
2026-04-13T04:41:18.226Z [33mwarn[39m: POST /api/orders
2026-04-13T04:41:18.483Z [33mwarn[39m: POST /api/orders
2026-04-13T04:41:18.746Z [33mwarn[39m: POST /api/orders
2026-04-13T04:41:19.011Z [33mwarn[39m: POST /api/orders
2026-04-13T04:42:19.520Z [33mwarn[39m: POST /api/orders
2026-04-13T04:42:20.477Z [33mwarn[39m: POST /api/orders
2026-04-13T04:42:20.821Z [33mwarn[39m: POST /api/orders
2026-04-13T04:42:26.567Z [33mwarn[39m: POST /api/order
2026-04-13T04:42:34.543Z [33mwarn[39m: GET /api/orders?find=&page=1&pagesize=10
2026-04-13T04:43:04.068Z [33mwarn[39m: GET /api/orders
2026-04-13T04:46:24.693Z [33mwarn[39m: GET /api/orders?find=&page=1&pagesize=10
2026-04-13T04:48:14.249Z [33mwarn[39m: GET /api/orders?find=
2026-04-13T04:48:33.316Z [33mwarn[39m: GET /api/orders?find=
2026-04-13T04:48:59.705Z [33mwarn[39m: GET /api/orders?find=
2026-04-13T04:52:29.735Z [33mwarn[39m: GET /api/orders?find=
2026-04-13T04:58:59.904Z [33mwarn[39m: GET /api/orders?find=
2026-04-13T05:00:03.841Z [33mwarn[39m: GET /api/orders?find=
2026-04-13T05:00:04.511Z [33mwarn[39m: GET /api/orders?find=
2026-04-13T05:00:05.039Z [33mwarn[39m: GET /api/orders?find=
2026-04-13T05:00:05.704Z [33mwarn[39m: GET /api/orders?find=
2026-04-13T05:00:06.837Z [33mwarn[39m: GET /api/orders?find=
2026-04-13T05:01:14.511Z [33mwarn[39m: GET /api/orders?find=
2026-04-13T05:01:18.218Z [33mwarn[39m: GET /api/products?find=&page=1&pagesize=5&sort=name&sortdir=1
2026-04-13T05:01:21.748Z [33mwarn[39m: GET /api/orders?find=
2026-04-13T05:01:22.433Z [33mwarn[39m: GET /api/posts?find=&page=1&pagesize=5&sort=name&sortdir=1
2026-04-13T05:01:24.159Z [33mwarn[39m: GET /api/orders?find=
2026-04-13T05:02:44.111Z [33mwarn[39m: GET /api/orders?find=caloy
2026-04-13T05:02:48.391Z [33mwarn[39m: GET /api/orders?find=caloy
2026-04-13T05:02:51.139Z [33mwarn[39m: GET /api/orders?find=
2026-04-13T05:03:03.105Z [33mwarn[39m: GET /api/orders?find=okasy
2026-04-13T05:03:08.827Z [33mwarn[39m: GET /api/orders?find=
2026-04-13T05:32:48.918Z [33mwarn[39m: GET /
2026-04-13T05:34:35.444Z [33mwarn[39m: GET /api/products?find=&page=1&pagesize=5&sort=name&sortdir=1
2026-04-13T05:34:36.642Z [33mwarn[39m: GET /api/orders?find=
2026-04-13T05:34:38.110Z [33mwarn[39m: GET /api/posts?find=&page=1&pagesize=5&sort=name&sortdir=1
2026-04-13T05:34:39.357Z [33mwarn[39m: GET /api/orders?find=
2026-04-13T05:34:39.977Z [33mwarn[39m: GET /api/products?find=&page=1&pagesize=5&sort=name&sortdir=1
2026-04-13T05:34:41.288Z [33mwarn[39m: GET /api/orders?find=
2026-04-13T05:34:47.219Z [33mwarn[39m: GET /api/users
2026-04-13T05:34:47.220Z [33mwarn[39m: GET /api/products?page=1&pagesize=1000
2026-04-13T05:35:03.263Z [33mwarn[39m: POST /api/orders
2026-04-13T05:35:03.292Z [33mwarn[39m: GET /api/orders?find=
2026-04-13T05:35:04.700Z [33mwarn[39m: GET /api/products?page=1&pagesize=1000
2026-04-13T05:35:04.706Z [33mwarn[39m: GET /api/users
2026-04-13T05:35:10.749Z [33mwarn[39m: POST /api/orders
2026-04-13T05:35:10.780Z [33mwarn[39m: GET /api/orders?find=
2026-04-13T05:35:20.914Z [33mwarn[39m: GET /api/posts?find=&page=1&pagesize=5&sort=name&sortdir=1
2026-04-13T05:35:23.510Z [33mwarn[39m: GET /api/products?find=&page=1&pagesize=5&sort=name&sortdir=1
2026-04-13T05:35:25.305Z [33mwarn[39m: GET /api/orders?find=
2026-04-13T05:35:31.444Z [33mwarn[39m: GET /api/users
2026-04-13T05:35:31.445Z [33mwarn[39m: GET /api/products?page=1&pagesize=1000
2026-04-13T05:35:39.051Z [33mwarn[39m: PUT /api/orders/69dc80872028e36521cbee8c
2026-04-13T05:35:39.077Z [33mwarn[39m: GET /api/orders?find=
2026-04-13T05:35:45.747Z [33mwarn[39m: GET /api/users
2026-04-13T05:35:45.749Z [33mwarn[39m: GET /api/products?page=1&pagesize=1000
2026-04-13T05:35:52.114Z [33mwarn[39m: PUT /api/orders/69dc808eea84234116bd1eba
2026-04-13T05:35:52.146Z [33mwarn[39m: GET /api/orders?find=
2026-04-13T05:35:55.730Z [33mwarn[39m: GET /api/posts?find=&page=1&pagesize=5&sort=name&sortdir=1
2026-04-13T05:37:02.668Z [33mwarn[39m: GET /api/products?page=1&pagesize=1000
2026-04-13T05:37:02.669Z [33mwarn[39m: GET /api/users
2026-04-13T05:37:07.230Z [33mwarn[39m: GET /api/orders?find=
2026-04-13T05:37:08.181Z [33mwarn[39m: GET /api/posts?find=&page=1&pagesize=5&sort=name&sortdir=1
2026-04-13T05:37:09.827Z [33mwarn[39m: GET /api/users
2026-04-13T05:37:09.829Z [33mwarn[39m: GET /api/products?page=1&pagesize=1000
2026-04-13T05:37:27.453Z [33mwarn[39m: PUT /api/orders/69d344a5b1ee6c8246767bcf
2026-04-13T05:37:29.036Z [33mwarn[39m: PUT /api/orders/69d344a5b1ee6c8246767bcf
2026-04-13T05:37:29.516Z [33mwarn[39m: PUT /api/orders/69d344a5b1ee6c8246767bcf
2026-04-13T05:37:29.772Z [33mwarn[39m: PUT /api/orders/69d344a5b1ee6c8246767bcf
2026-04-13T05:37:35.658Z [33mwarn[39m: PUT /api/orders/69d344a5b1ee6c8246767bcf
2026-04-13T05:37:38.872Z [33mwarn[39m: PUT /api/orders/69d344a5b1ee6c8246767bcf
2026-04-13T05:37:40.045Z [33mwarn[39m: GET /api/posts?find=&page=1&pagesize=5&sort=name&sortdir=1
2026-04-13T05:37:43.310Z [33mwarn[39m: GET /api/orders?find=
2026-04-13T05:38:25.897Z [33mwarn[39m: GET /api/posts?find=&page=1&pagesize=5&sort=name&sortdir=1
2026-04-13T05:38:27.503Z [33mwarn[39m: GET /api/users
2026-04-13T05:38:27.503Z [33mwarn[39m: GET /api/products?page=1&pagesize=1000
2026-04-13T05:38:31.432Z [33mwarn[39m: GET /api/orders?find=
2026-04-13T05:38:33.133Z [33mwarn[39m: GET /api/posts?find=&page=1&pagesize=5&sort=name&sortdir=1
2026-04-13T05:39:53.799Z [33mwarn[39m: GET /api/posts?find=&page=1&pagesize=5&sort=name&sortdir=1
2026-04-13T05:40:03.221Z [33mwarn[39m: GET /api/posts?find=&page=1&pagesize=5&sort=name&sortdir=1
2026-04-13T05:40:04.568Z [33mwarn[39m: GET /api/users
2026-04-13T05:40:04.569Z [33mwarn[39m: GET /api/products?page=1&pagesize=1000
2026-04-13T05:40:08.570Z [33mwarn[39m: GET /api/users
2026-04-13T05:40:08.571Z [33mwarn[39m: GET /api/products?page=1&pagesize=1000
2026-04-13T05:40:10.859Z [33mwarn[39m: GET /api/posts?find=&page=1&pagesize=5&sort=name&sortdir=1
2026-04-13T05:40:18.486Z [33mwarn[39m: GET /api/users
2026-04-13T05:40:18.487Z [33mwarn[39m: GET /api/products?page=1&pagesize=1000
2026-04-13T05:40:30.433Z [33mwarn[39m: GET /api/posts?find=&page=1&pagesize=5&sort=name&sortdir=1
2026-04-13T05:40:31.516Z [33mwarn[39m: GET /api/orders?find=
2026-04-13T05:41:56.337Z [33mwarn[39m: GET /api/posts?find=&page=1&pagesize=5&sort=name&sortdir=1
2026-04-13T05:42:01.137Z [33mwarn[39m: PUT /api/posts/6989773c157d626188539f8e
2026-04-13T05:42:01.178Z [33mwarn[39m: GET /api/posts?find=&page=1&pagesize=5&sort=name&sortdir=1
2026-04-13T05:42:30.425Z [33mwarn[39m: GET /api/products?find=&page=1&pagesize=5&sort=name&sortdir=1
2026-04-13T05:42:58.133Z [33mwarn[39m: GET /api/products?find=&page=1&pagesize=5&sort=name&sortdir=1
2026-04-13T05:43:57.818Z [33mwarn[39m: GET /api/products?find=&page=1&pagesize=5&sort=name&sortdir=1
2026-04-13T05:45:01.874Z [33mwarn[39m: GET /api/products?find=&page=1&pagesize=5&sort=name&sortdir=1
2026-04-13T05:45:13.486Z [33mwarn[39m: PUT /api/products/6976e99e2f437a4742b4b5c8
2026-04-13T05:45:13.520Z [33mwarn[39m: GET /api/products?find=&page=1&pagesize=5&sort=name&sortdir=1
2026-04-13T05:46:26.153Z [33mwarn[39m: GET /api/orders?find=
2026-04-13T05:46:30.156Z [33mwarn[39m: GET /api/products?find=&page=1&pagesize=5&sort=name&sortdir=1
